product_id,title,category,rating,review_count,price,description,review_text,category_source,text_features,popularity_score
books_0,there was an old lady who swallowed a shell,"""books""",1.0,0.0,,,i love it and so does my students,books,"there was an old lady who swallowed a shell there was an old lady who swallowed a shell there was an old lady who swallowed a shell ""books"" books i love it and so does my students",0.75
books_1,i saw a friend,"""books""",1.0,0.0,,,my wife and i ordered 2 books and gave them as presents one to a friend s daughter and the other to our grandson both children were so happy with the story by author katrina streza and they were overjoyed with the absolutely adorable artwork by artist michele katz throughout the book we highly recommend 34 i saw a friend 34 to all your little ones,books,"i saw a friend i saw a friend i saw a friend ""books"" books my wife and i ordered 2 books and gave them as presents one to a friend s daughter and the other to our grandson both children were so happy with the story by author katrina streza and they were overj",0.75
books_2,black lagoon vol 6,"""books""",1.0,0.0,,,great book just like all the others in the series,books,"black lagoon vol 6 black lagoon vol 6 black lagoon vol 6 ""books"" books great book just like all the others in the series",0.75
books_3,if i stay,"""books""",1.0,0.0,,,so beautiful,books,"if i stay if i stay if i stay ""books"" books so beautiful",0.75
books_4,stars n strips forever,"""books""",1.0,0.0,,,enjoyed the author s story and his quilts are incredible i have plans to make three,books,"stars n strips forever stars n strips forever stars n strips forever ""books"" books enjoyed the author s story and his quilts are incredible i have plans to make three",0.75
books_5,the liar,"""books""",0.0,0.0,,,two or three pages into the book i suspected how it would end and after another 10 or 20 pages i was sure and i was right so much for suspense the best i could say about this book is that it is okay just barely it s a long book unnecessarily long and when the author hasn t taken the trouble to craft her plot in a suspenseful way there s not a lot there to make you want to turn the page i have mixed feelings about her main character who was supposed to have been a vibrant energetic assertive woman yet became weak and submissive to her manipulative husband it s hard for any reader to identiify with that additionally the romance in the book isn t all that interesting just two people who are attracted to each other no real getting to know you development no build up of heat no surprise really this 500 page book is really 250 pages too long and it all feels stretched out with long sequences of unnecessary dialogue superfluous scenes to establish things that already have been established and so on can t help wondering what s going on with nora roberts these days she s written a number of really good books but her recent books seem like 34 nora roberts diluted 34 so so at best maybe with so many books behind her she s just burning out as far as this one goes i m glad i got it from the library if i had paid for it i d have been steamed maybe if she wrote fewer books each year but better ones i d be a happier reader,books,"the liar the liar the liar ""books"" books two or three pages into the book i suspected how it would end and after another 10 or 20 pages i was sure and i was right so much for suspense the best i could say about this book is that it is okay j",0.25
books_6,devil in the details book 2 the monastery murders volume 2,"""books""",1.0,0.0,,,34 secrets in the shallows 34 book 1 of 34 the monastery murders 34 series grabbed me and drew me in book 2 34 devil in the detals 34 tightened its hold on me and now i m addicted did mother superior really murder the two catholic school boys if she didn t then who did and will the actual murderer be found out and caught did the murder of the beautiful golden tressed nun and a boy s apparent suicide ten years earlier tie in with the more recent murders what is the spirit in the monastery trying to say some answers are revealed in this book but the mystery broadens and many more questions arise i enjoyed this gripping book immensely and you will too now i must read book 3 so i can get the whole story,books,"devil in the details book 2 the monastery murders volume 2 devil in the details book 2 the monastery murders volume 2 devil in the details book 2 the monastery murders volume 2 ""books"" books 34 secrets in the shallows 34 book 1 of 34 the monastery murders 34 series grabbed me and drew me in book 2 34 devil in the detals 34 tightened its hold on me and now i m addicted did mother superior ",0.75
books_7,knowing when to stop a memoir,"""books""",1.0,0.0,,,i love it,books,"knowing when to stop a memoir knowing when to stop a memoir knowing when to stop a memoir ""books"" books i love it",0.75
books_8,the american pageant,"""books""",1.0,0.0,,,it was a great purchase,books,"the american pageant the american pageant the american pageant ""books"" books it was a great purchase",0.75
books_9,punjabi c l bible common language version,"""books""",1.0,0.0,,,quality product fast shipping,books,"punjabi c l bible common language version punjabi c l bible common language version punjabi c l bible common language version ""books"" books quality product fast shipping",0.75
books_10,the aeneid everyman s library,"""books""",1.0,0.0,,,very happy,books,"the aeneid everyman s library the aeneid everyman s library the aeneid everyman s library ""books"" books very happy",0.75
books_11,the ymca of middle tennessee three centuries of service,"""books""",1.0,0.0,,,love reading all books by this author very in depth his love of history is evident always accurate reputable shipper,books,"the ymca of middle tennessee three centuries of service the ymca of middle tennessee three centuries of service the ymca of middle tennessee three centuries of service ""books"" books love reading all books by this author very in depth his love of history is evident always accurate reputable shipper",0.75
books_12,memoirs by harry s truman 1945 year of decisions,"""books""",1.0,0.0,,,such a great purchase,books,"memoirs by harry s truman 1945 year of decisions memoirs by harry s truman 1945 year of decisions memoirs by harry s truman 1945 year of decisions ""books"" books such a great purchase",0.75
books_13,arms of our fighting men,"""books""",1.0,0.0,,,book was fine thank you,books,"arms of our fighting men arms of our fighting men arms of our fighting men ""books"" books book was fine thank you",0.75
books_14,presbyterian creeds a guide to the book of confessions,"""books""",0.0,0.0,,,the presbyterian book of confessions contains multiple creeds for use by the denomination this guidebook helps he lay person to understand how these creeds came about and how to consider them in the context of their time and today av valuable guide for the average person,books,"presbyterian creeds a guide to the book of confessions presbyterian creeds a guide to the book of confessions presbyterian creeds a guide to the book of confessions ""books"" books the presbyterian book of confessions contains multiple creeds for use by the denomination this guidebook helps he lay person to understand how these creeds came about and how to consider them in the c",0.25
books_15,hello ocean hola mar,"""books""",1.0,0.0,,,beautiful work and brings back the childhood of one who grew up by the ocean,books,"hello ocean hola mar hello ocean hola mar hello ocean hola mar ""books"" books beautiful work and brings back the childhood of one who grew up by the ocean",0.75
books_16,the vampire lestat vampire chronicles book ii,"""books""",1.0,0.0,,,this is my favorite novel of all time lester just resonates with me on so many levels i haven t read any of anne rice s other books but i ve re read this one at least 3 times great buy great value,books,"the vampire lestat vampire chronicles book ii the vampire lestat vampire chronicles book ii the vampire lestat vampire chronicles book ii ""books"" books this is my favorite novel of all time lester just resonates with me on so many levels i haven t read any of anne rice s other books but i ve re read this one at least 3 times great buy great value",0.75
books_17,the book of life all souls,"""books""",1.0,0.0,,,love deborah harness s trilogy didn t want the story to end and hope they turn this trilogy into a movie i would love it if she wrote more books to continue this story,books,"the book of life all souls the book of life all souls the book of life all souls ""books"" books love deborah harness s trilogy didn t want the story to end and hope they turn this trilogy into a movie i would love it if she wrote more books to continue this story",0.75
books_18,disney descendants yearbook,"""books""",1.0,0.0,,,now my daughter has all three of mals books they are all great,books,"disney descendants yearbook disney descendants yearbook disney descendants yearbook ""books"" books now my daughter has all three of mals books they are all great",0.75
books_19,comptia a certification all in one exam guide 8th edition exams 220 801 220 802,"""books""",1.0,0.0,,,bought this book for my boyfriend he said it has been very useful in helping him study for his a certification exam,books,"comptia a certification all in one exam guide 8th edition exams 220 801 220 802 comptia a certification all in one exam guide 8th edition exams 220 801 220 802 comptia a certification all in one exam guide 8th edition exams 220 801 220 802 ""books"" books bought this book for my boyfriend he said it has been very useful in helping him study for his a certification exam",0.75
books_20,nirvana the complete illustrated history,"""books""",1.0,0.0,,,i bought this book at the emp music museum in seattle washington and i absolutely love it definitely shows you another perspective of the band i ve been a huge fan ever since i can remember my only complaint is that it s not long enough i never want it to end,books,"nirvana the complete illustrated history nirvana the complete illustrated history nirvana the complete illustrated history ""books"" books i bought this book at the emp music museum in seattle washington and i absolutely love it definitely shows you another perspective of the band i ve been a huge fan ever since i can remember my only co",0.75
books_21,the bike deconstructed a grand tour of the modern bicycle,"""books""",1.0,0.0,,,good read love anything about bikes i learned a lot reading this,books,"the bike deconstructed a grand tour of the modern bicycle the bike deconstructed a grand tour of the modern bicycle the bike deconstructed a grand tour of the modern bicycle ""books"" books good read love anything about bikes i learned a lot reading this",0.75
books_22,the one day weekend college football goes professional,"""books""",1.0,0.0,,,as football seasons restarts and the northwest university labor decision players lost was just handed down this book is very topical and reads like a combination of the sports pages the finance section and the newspages you get this 34 i was there 34 sense as college football is remade and the university administrators the ncaa and the nfl all play a role it s like watching a simulation in action although it could be real,books,"the one day weekend college football goes professional the one day weekend college football goes professional the one day weekend college football goes professional ""books"" books as football seasons restarts and the northwest university labor decision players lost was just handed down this book is very topical and reads like a combination of the sports pages the finance sectio",0.75
books_23,the encyclopedia of infant and toddlers activities for children birth to 3 written by teachers for teachers,"""books""",1.0,0.0,,,excellent resource,books,"the encyclopedia of infant and toddlers activities for children birth to 3 written by teachers for teachers the encyclopedia of infant and toddlers activities for children birth to 3 written by teachers for teachers the encyclopedia of infant and toddlers activities for children birth to 3 written by teachers for teachers ""books"" books excellent resource",0.75
books_24,crimes of the educators how utopians are using government schools to destroy america s children,"""books""",1.0,0.0,,,excellent,books,"crimes of the educators how utopians are using government schools to destroy america s children crimes of the educators how utopians are using government schools to destroy america s children crimes of the educators how utopians are using government schools to destroy america s children ""books"" books excellent",0.75
books_25,high school runner freshman,"""books""",1.0,0.0,,,a must read for any high school runner or former runner,books,"high school runner freshman high school runner freshman high school runner freshman ""books"" books a must read for any high school runner or former runner",0.75
books_26,microbiology with diseases by taxonomy books a la carte edition and modified masteringmicrobiology with pearson etext valuepack access card for diseases by taxonomy package 4th edition,"""books""",1.0,0.0,,,saved money and received pretty quick,books,"microbiology with diseases by taxonomy books a la carte edition and modified masteringmicrobiology with pearson etext valuepack access card for diseases by taxonomy package 4th edition microbiology with diseases by taxonomy books a la carte edition and modified masteringmicrobiology with pearson etext valuepack access card for diseases by taxonomy package 4th edition microbiology with diseases by taxonomy books a la carte edition and modified masteringmicrobiology with pearson etext valuepack access card for diseases by taxonomy package 4th edition ""books"" books saved money and received pretty quick",0.75
books_27,tuesdays with morrie an old man a young man and life s greatest lesson 1st edition,"""books""",1.0,0.0,,,item as described such a great book,books,"tuesdays with morrie an old man a young man and life s greatest lesson 1st edition tuesdays with morrie an old man a young man and life s greatest lesson 1st edition tuesdays with morrie an old man a young man and life s greatest lesson 1st edition ""books"" books item as described such a great book",0.75
books_28,the life changing magic of tidying up the japanese art of decluttering and organizing,"""books""",0.0,0.0,,,sort of lame would like pictures to see how she folds all her clothes 34 that make her feel joy 34,books,"the life changing magic of tidying up the japanese art of decluttering and organizing the life changing magic of tidying up the japanese art of decluttering and organizing the life changing magic of tidying up the japanese art of decluttering and organizing ""books"" books sort of lame would like pictures to see how she folds all her clothes 34 that make her feel joy 34",0.25
books_29,pearson reviews rationales medical surgical nursing,"""books""",1.0,0.0,,,this was very helpful for my med surg class i used this to study for my exams in addition to the test books it really summarized each system and focused on what nclex thought was important,books,"pearson reviews rationales medical surgical nursing pearson reviews rationales medical surgical nursing pearson reviews rationales medical surgical nursing ""books"" books this was very helpful for my med surg class i used this to study for my exams in addition to the test books it really summarized each system and focused on what nclex thought was important",0.75
books_30,the loner,"""books""",1.0,0.0,,,as expected,books,"the loner the loner the loner ""books"" books as expected",0.75
books_31,forming intentional disciples the path to knowing and following jesus,"""books""",1.0,0.0,,,this book inspired me not to nly looke at my own life but also how i minister to others in helping them to become disciples this examines the ways in which people progress in that relationship and practical steps that we can take along the way,books,"forming intentional disciples the path to knowing and following jesus forming intentional disciples the path to knowing and following jesus forming intentional disciples the path to knowing and following jesus ""books"" books this book inspired me not to nly looke at my own life but also how i minister to others in helping them to become disciples this examines the ways in which people progress in that relationship and pra",0.75
books_32,woe is i jr the younger grammarphobe s guide to better english in plainenglish,"""books""",1.0,0.0,,,excellent,books,"woe is i jr the younger grammarphobe s guide to better english in plainenglish woe is i jr the younger grammarphobe s guide to better english in plainenglish woe is i jr the younger grammarphobe s guide to better english in plainenglish ""books"" books excellent",0.75
books_33,fight club a novel,"""books""",0.0,0.0,,,based on the fact that there s a movie and lots of hype i expected a bit more from this book at the very least as a satire it offers few insights or thought provoking ideas the plot was pretty flat and forgettable i normally love satires of this sort and was sorely disappointed it seemed to focus too much on technical non vital information didn t care for the exploration of soap making or the guy putting disgusting stuff into food these parts weren t entertaining at all just felt like filler,books,"fight club a novel fight club a novel fight club a novel ""books"" books based on the fact that there s a movie and lots of hype i expected a bit more from this book at the very least as a satire it offers few insights or thought provoking ideas the plot was pretty flat an",0.25
books_34,the new reaction,"""books""",0.0,0.0,,,fortunately i read this for free via amazon s kindle program absolute garbage soft right mpd feminist trash only good for losers from the right who can t otherwise get female attention accept by dealing with the worst of bottom feeders by far the biggest piece of garbage arktos generally a good press has published anyone who pays 14 for 66 pages of this nonsense and is happy about it should take a long hard look at the lives,books,"the new reaction the new reaction the new reaction ""books"" books fortunately i read this for free via amazon s kindle program absolute garbage soft right mpd feminist trash only good for losers from the right who can t otherwise get female attention accept by deali",0.25
books_35,the outsider,"""books""",1.0,0.0,,,had seen the movie and just had to read the book impressed with this author loved the book,books,"the outsider the outsider the outsider ""books"" books had seen the movie and just had to read the book impressed with this author loved the book",0.75
books_36,the ender quartet boxed set ender s game speaker for the dead xenocide children of the mind the ender quintet,"""books""",1.0,0.0,,,thank you,books,"the ender quartet boxed set ender s game speaker for the dead xenocide children of the mind the ender quintet the ender quartet boxed set ender s game speaker for the dead xenocide children of the mind the ender quintet the ender quartet boxed set ender s game speaker for the dead xenocide children of the mind the ender quintet ""books"" books thank you",0.75
books_37,the game kirsten backhard kirstehn backhard volume 1,"""books""",1.0,0.0,,,i loved this book it made me laugh and cry i couldn t put it down and can t wait for playing the game,books,"the game kirsten backhard kirstehn backhard volume 1 the game kirsten backhard kirstehn backhard volume 1 the game kirsten backhard kirstehn backhard volume 1 ""books"" books i loved this book it made me laugh and cry i couldn t put it down and can t wait for playing the game",0.75
books_38,standard catalog of smith wesson,"""books""",1.0,0.0,,,a must have for the s w collector,books,"standard catalog of smith wesson standard catalog of smith wesson standard catalog of smith wesson ""books"" books a must have for the s w collector",0.75
books_39,a woman of boston,"""books""",1.0,0.0,,,order as stated thank you,books,"a woman of boston a woman of boston a woman of boston ""books"" books order as stated thank you",0.75
books_40,secret new york an unusual guide local guides by local people,"""books""",1.0,0.0,,,this was a great graduation gift for young relative embarking on nyc career after leaving his midwestern university even if he is more likely to use phone based information this will be great for his out of town visitors to use while he is at work,books,"secret new york an unusual guide local guides by local people secret new york an unusual guide local guides by local people secret new york an unusual guide local guides by local people ""books"" books this was a great graduation gift for young relative embarking on nyc career after leaving his midwestern university even if he is more likely to use phone based information this will be great for his ",0.75
books_41,the big fat surprise why butter meat and cheese belong in a healthy diet,"""books""",1.0,0.0,,,exceptionally well written and researched review easy to read that should be an eye opener for any one interested in nutrition and the politicalization of our health,books,"the big fat surprise why butter meat and cheese belong in a healthy diet the big fat surprise why butter meat and cheese belong in a healthy diet the big fat surprise why butter meat and cheese belong in a healthy diet ""books"" books exceptionally well written and researched review easy to read that should be an eye opener for any one interested in nutrition and the politicalization of our health",0.75
books_42,windows 10 fast start a quick start guide for windows 10,"""books""",0.0,0.0,,,book may be ok if you are not familiar with windows 7 windows 10 seems to be a hopped up version of windows 7 therefore this book does not go into the depth i wanted for window 10 if you are very familiar with windows 7 this book is of little help for window 10 differences between it and windows 7,books,"windows 10 fast start a quick start guide for windows 10 windows 10 fast start a quick start guide for windows 10 windows 10 fast start a quick start guide for windows 10 ""books"" books book may be ok if you are not familiar with windows 7 windows 10 seems to be a hopped up version of windows 7 therefore this book does not go into the depth i wanted for window 10 if you are very fami",0.25
books_43,the explosive child a new approach for understanding and parenting easily frustrated chronically inflexible children,"""books""",1.0,0.0,,,good book with real life examples,books,"the explosive child a new approach for understanding and parenting easily frustrated chronically inflexible children the explosive child a new approach for understanding and parenting easily frustrated chronically inflexible children the explosive child a new approach for understanding and parenting easily frustrated chronically inflexible children ""books"" books good book with real life examples",0.75
books_44,brooks cole empowerment series essential research methods for social work sw 385r social work research methods,"""books""",1.0,0.0,,,good,books,"brooks cole empowerment series essential research methods for social work sw 385r social work research methods brooks cole empowerment series essential research methods for social work sw 385r social work research methods brooks cole empowerment series essential research methods for social work sw 385r social work research methods ""books"" books good",0.75
books_45,the baby grand a true mother s day love story,"""books""",0.0,0.0,,,unfortunately i didn t realize what i was buying when i ordered this item i m a huge fan of richard paul evens so i didn t give the order much thought however i d like for other customers to be aware that this essay is barely 17 heavily spaced pages in length the publishers really tried to stretch it out with what appears to be triple spacing it s a rip off i don t care how much i respect mr evens i believe this little bit of a story should not have been published alone but should have been included in a collection of short pieces,books,"the baby grand a true mother s day love story the baby grand a true mother s day love story the baby grand a true mother s day love story ""books"" books unfortunately i didn t realize what i was buying when i ordered this item i m a huge fan of richard paul evens so i didn t give the order much thought however i d like for other customers to be aware ",0.25
books_46,exploring psychology in modules loose leaf,"""books""",0.0,0.0,,,zero stars if i could i received the wrong book,books,"exploring psychology in modules loose leaf exploring psychology in modules loose leaf exploring psychology in modules loose leaf ""books"" books zero stars if i could i received the wrong book",0.25
books_47,approaching eye level,"""books""",1.0,0.0,,,good value great reading from an honest writer,books,"approaching eye level approaching eye level approaching eye level ""books"" books good value great reading from an honest writer",0.75
books_48,oxford preparation course for the toefl ibt exam a skills based communicative approach student book,"""books""",1.0,0.0,,,good,books,"oxford preparation course for the toefl ibt exam a skills based communicative approach student book oxford preparation course for the toefl ibt exam a skills based communicative approach student book oxford preparation course for the toefl ibt exam a skills based communicative approach student book ""books"" books good",0.75
books_49,the little cedar tree volume 1,"""books""",1.0,0.0,,,my children love this book they read it almost every night and always have interesting thoughts and questions afterwards,books,"the little cedar tree volume 1 the little cedar tree volume 1 the little cedar tree volume 1 ""books"" books my children love this book they read it almost every night and always have interesting thoughts and questions afterwards",0.75
books_50,rocks and fossils a visual guide visual guides,"""books""",1.0,0.0,,,great,books,"rocks and fossils a visual guide visual guides rocks and fossils a visual guide visual guides rocks and fossils a visual guide visual guides ""books"" books great",0.75
books_51,from this day forward wedding guest book,"""books""",1.0,0.0,,,great quality i like the fact that it is small so it will be easy to save store after our wedding day i can t wait to use it,books,"from this day forward wedding guest book from this day forward wedding guest book from this day forward wedding guest book ""books"" books great quality i like the fact that it is small so it will be easy to save store after our wedding day i can t wait to use it",0.75
books_52,serve to win the 14 day gluten free plan for physical and mental excellence,"""books""",0.0,0.0,,,a lot easier to just google elisa test or find some gluten free recipes than to listed to a globe trotting gazillionaire talk about his tough life of personal chefs trainers nutritionists and whomever else he pays to make sure he has to never lift a finger seriously he literally tries to relate his lifestyle to the readers as though he s not living in a fantasy world just find a doctor take the elisa test and see what the results are for your body then go from there,books,"serve to win the 14 day gluten free plan for physical and mental excellence serve to win the 14 day gluten free plan for physical and mental excellence serve to win the 14 day gluten free plan for physical and mental excellence ""books"" books a lot easier to just google elisa test or find some gluten free recipes than to listed to a globe trotting gazillionaire talk about his tough life of personal chefs trainers nutritionists and whomever",0.25
books_53,inner peace self realization fellowship,"""books""",1.0,0.0,,,excellent source of spiritually based insight i have given as a gift to several people of different backgrounds all of the appreciate the informaripn,books,"inner peace self realization fellowship inner peace self realization fellowship inner peace self realization fellowship ""books"" books excellent source of spiritually based insight i have given as a gift to several people of different backgrounds all of the appreciate the informaripn",0.75
books_54,as the crow flies,"""books""",1.0,0.0,,,this is one of my favorite jeffrey archer books so i bought it for a friend what a really unique story,books,"as the crow flies as the crow flies as the crow flies ""books"" books this is one of my favorite jeffrey archer books so i bought it for a friend what a really unique story",0.75
books_55,le freak an upside down story of family disco and destiny,"""books""",1.0,0.0,,,what a great autobiography this book gave me a new insight to an era in pop music history it is history i now have the greatest utmost respect for nile rogers anyone who wants to know the the 70 s music genre must include this in their studies,books,"le freak an upside down story of family disco and destiny le freak an upside down story of family disco and destiny le freak an upside down story of family disco and destiny ""books"" books what a great autobiography this book gave me a new insight to an era in pop music history it is history i now have the greatest utmost respect for nile rogers anyone who wants to know the the 70 s mus",0.75
books_56,estelle an inspiring love story an amazing story of persistent love and the prayers that produced a great spiritual awakening,"""books""",1.0,0.0,,,great book good value prompt delivery,books,"estelle an inspiring love story an amazing story of persistent love and the prayers that produced a great spiritual awakening estelle an inspiring love story an amazing story of persistent love and the prayers that produced a great spiritual awakening estelle an inspiring love story an amazing story of persistent love and the prayers that produced a great spiritual awakening ""books"" books great book good value prompt delivery",0.75
books_57,rodeo rescuer wrangler s corner,"""books""",1.0,0.0,,,lots of great suspense action fear and terror in the story that also includes a surprising conclusion there are not many authors who can still pull a surprise at the end for me when it comes to the crime and when it happens i absolutely love it this story has a perfect balance of suspense and romance suspense full of twists that keeps the intensity level high through the story seth and tonya both have some serious issues to be dealt with seth s ex girlfriend walked out on him when he was injured leaving him with disillusion and a broken heart tonya don t only have a stalker ex boyfriend who had been in prison for trying to kill her before her other boyfriend had died in a bullfighting accident so the road ahead of them wasn t easy but the attraction they feel for each other is strong and the connection they have go deeper than an attraction they have respect protectiveness and kindness towards each other they have lots of things in common and they work together as a seamless team both of them are strong and independent and i loved them together it was so natural the affection between them genuine and it was sweet how they took care of each other great charming and likable characters loving families romance that makes you smile and a string of crimes and mysteries all presented in a solid plot to entertain and touch your heart four spoons with a teaspoon on the side,books,"rodeo rescuer wrangler s corner rodeo rescuer wrangler s corner rodeo rescuer wrangler s corner ""books"" books lots of great suspense action fear and terror in the story that also includes a surprising conclusion there are not many authors who can still pull a surprise at the end for me when it comes to the cr",0.75
books_58,bonsai 101 essential tips,"""books""",1.0,0.0,,,very informative book so informative that i think the only bonsai i will be admiring in my home is one bought at the flower shop i learned that this is as much a commitment as getting a pet i did pull up a pine sapling in my yard and will try to start a bonsai following the simple to under stand directions in this great little book you will not be disappointed and you will learn that about any plant can be trained to be a bonsai,books,"bonsai 101 essential tips bonsai 101 essential tips bonsai 101 essential tips ""books"" books very informative book so informative that i think the only bonsai i will be admiring in my home is one bought at the flower shop i learned that this is as much a commitment as getting a pet i did pull",0.75
books_59,to mormons with love,"""books""",0.0,0.0,,,the book covers some of the general things that happen in utah but i was disappointed in the lack of specifics and the post modern view this woman has,books,"to mormons with love to mormons with love to mormons with love ""books"" books the book covers some of the general things that happen in utah but i was disappointed in the lack of specifics and the post modern view this woman has",0.25
books_60,rising tide sirens book 1 volume 1,"""books""",1.0,0.0,,,i bought this for my teen daughter because she expressed interest in finding a book about sirens i decided to give it a go myself and am so glad i did i highly recommend,books,"rising tide sirens book 1 volume 1 rising tide sirens book 1 volume 1 rising tide sirens book 1 volume 1 ""books"" books i bought this for my teen daughter because she expressed interest in finding a book about sirens i decided to give it a go myself and am so glad i did i highly recommend",0.75
books_61,earth medicine ancestor s ways of harmony for many moons,"""books""",1.0,0.0,,,lots of interesting information,books,"earth medicine ancestor s ways of harmony for many moons earth medicine ancestor s ways of harmony for many moons earth medicine ancestor s ways of harmony for many moons ""books"" books lots of interesting information",0.75
books_62,javascript and jquery interactive front end web development,"""books""",1.0,0.0,,,the content of the book is very good i would have given it 5 stars if the binding didn t break and pages falling out 3 months after i got it i ve bought quite a few tech books and this by far is the cheapest put together,books,"javascript and jquery interactive front end web development javascript and jquery interactive front end web development javascript and jquery interactive front end web development ""books"" books the content of the book is very good i would have given it 5 stars if the binding didn t break and pages falling out 3 months after i got it i ve bought quite a few tech books and this by far is the c",0.75
books_63,country music hall of fame and museum volume 8 photos stories and 27 songs,"""books""",1.0,0.0,,,not as famous as hoped for supplier met all advertising and deserves 5 stars for service item contains some music deserving hall of fame status but is spread over multiple pages many at the price i cut out the music i want scan it into a software program to transform it to fake book format and trash the original used book status makes the process affordable,books,"country music hall of fame and museum volume 8 photos stories and 27 songs country music hall of fame and museum volume 8 photos stories and 27 songs country music hall of fame and museum volume 8 photos stories and 27 songs ""books"" books not as famous as hoped for supplier met all advertising and deserves 5 stars for service item contains some music deserving hall of fame status but is spread over multiple pages many at the price i cu",0.75
books_64,the princes of ireland the dublin saga,"""books""",1.0,0.0,,,this held my attention and was informative as well as entertaining,books,"the princes of ireland the dublin saga the princes of ireland the dublin saga the princes of ireland the dublin saga ""books"" books this held my attention and was informative as well as entertaining",0.75
books_65,making the case how to be your own best advocate,"""books""",0.0,0.0,,,i ve admired kimberly guilfoyle for many years pre fox news this book was not the advice i was expecting from her really how and when to use a debit or credit card making friends at work i m assuming her target reader is a high school student i have the utmost respect for kimberly but this book is disappointing,books,"making the case how to be your own best advocate making the case how to be your own best advocate making the case how to be your own best advocate ""books"" books i ve admired kimberly guilfoyle for many years pre fox news this book was not the advice i was expecting from her really how and when to use a debit or credit card making friends at work i m assuming ",0.25
books_66,the haunting of hill house penguin classics,"""books""",0.0,0.0,,,first off i have no idea who is writing the 5 star reviews on this dreck they are either part of the publisher s marketing department fanboys of the author haven t actually read it or are sleeping with the writer the main character starts off as an annoying immature self centered little bore and rides that wave all the way through the book most of her background story seemed irrelevant only occupying the pages for the author to pack additional thickness into the book s spine there was so little development of the actual house itself or analysis of any of the events by the doctor leading the research study that it was laughable the whole story seemed so rehashed of other haunted house works that it screamed 34 been there done that 34 spoiler alert not that it matters hopefully you won t waste your time anyway the only enjoyable part was the main character committing suicide on the second to last page of the book if it had happened in the first chapter maybe it would have developed into something marginally palatable bottom line if you were unfortunate enough to have bought this cut off the spine and use it to line your rabbit s cage,books,"the haunting of hill house penguin classics the haunting of hill house penguin classics the haunting of hill house penguin classics ""books"" books first off i have no idea who is writing the 5 star reviews on this dreck they are either part of the publisher s marketing department fanboys of the author haven t actually read it or are sleeping wit",0.25
books_67,the president and the apprentice eisenhower and nixon 1952 1961,"""books""",0.0,0.0,,,was a gift who said it was ok,books,"the president and the apprentice eisenhower and nixon 1952 1961 the president and the apprentice eisenhower and nixon 1952 1961 the president and the apprentice eisenhower and nixon 1952 1961 ""books"" books was a gift who said it was ok",0.25
books_68,the oregon bigfoot highway,"""books""",1.0,0.0,,,few books on this subject capture a landscape and its history so well the friendly tone comes off as one long campfire story but the information is packed with helpful tips on safely navigating oregon forest roads wilderness survival and scouting for evidence of the elusive sasquatch a good source reference spanning decades of quality field work this one deserves a permanent home in your library the book includes informative summary tables and gps coordinates so the casual tourist or experienced enthusiast can join the journey whether you do so on google earth or on foot you will learn something from the authors and those who collaborated with them over the years,books,"the oregon bigfoot highway the oregon bigfoot highway the oregon bigfoot highway ""books"" books few books on this subject capture a landscape and its history so well the friendly tone comes off as one long campfire story but the information is packed with helpful tips on safely navigating oregon",0.75
books_69,the queen of fire and the king of ice,"""books""",1.0,0.0,,,as a clinical psychologist a mom of three and the author of how to talk to your kids about your divorce i highly recommend that parents purchase this book for their children when they are separated or divorced this story shows that divorce happens when two people are too different to make a marriage work without blame or fault it is told as a parable that will appeal to small kids the queen and the king just cannot live in the same home because they are too different although at first they didn t realize that this was the case this is a reassuring story that focuses on the love that both parents maintain for their child despite divorcing and living separately five stars,books,"the queen of fire and the king of ice the queen of fire and the king of ice the queen of fire and the king of ice ""books"" books as a clinical psychologist a mom of three and the author of how to talk to your kids about your divorce i highly recommend that parents purchase this book for their children when they are separated or",0.75
books_70,against their odds,"""books""",1.0,0.0,,,as someone who knows jaynie s journey against their odds demonstrates how the right environment and determination can be a greater healer than some areas of medicine are currently capable jeff edgecombe,books,"against their odds against their odds against their odds ""books"" books as someone who knows jaynie s journey against their odds demonstrates how the right environment and determination can be a greater healer than some areas of medicine are currently capable jeff edgecom",0.75
books_71,brain quest workbook kindergarten,"""books""",1.0,0.0,,,this is good for my 4 year old but not challenging enough,books,"brain quest workbook kindergarten brain quest workbook kindergarten brain quest workbook kindergarten ""books"" books this is good for my 4 year old but not challenging enough",0.75
books_72,daily tortilla authentic mexican recipes,"""books""",1.0,0.0,,,authentic mexican recipes with easy directions food preparations and wonderful food that will bring the family to the table i love how the chef has cross referenced recipes throughout the book gave serving suggestions and specified how to use alternate ingredients to vary the kick a picture is worth a thousand words and you know how the recipe is supposed to look when it is done well done ricardo you knocked it out of the ball park with this one,books,"daily tortilla authentic mexican recipes daily tortilla authentic mexican recipes daily tortilla authentic mexican recipes ""books"" books authentic mexican recipes with easy directions food preparations and wonderful food that will bring the family to the table i love how the chef has cross referenced recipes throughout the book gave se",0.75
books_73,beginning android development create your own android apps today,"""books""",0.0,0.0,,,some really strange editorial issues in the first few pages make you wonder if the publisher read it,books,"beginning android development create your own android apps today beginning android development create your own android apps today beginning android development create your own android apps today ""books"" books some really strange editorial issues in the first few pages make you wonder if the publisher read it",0.25
books_74,swarm traps and bait hives the easy way to get bees for free,"""books""",1.0,0.0,,,if you have seen his videos on youtube or have been to his web page learningbeekeeping com he has some great info on beekeeping this book is a valuable tool in your beekeeping library i would recommend it to new and experienced beekeepers who want to want to get free bee s,books,"swarm traps and bait hives the easy way to get bees for free swarm traps and bait hives the easy way to get bees for free swarm traps and bait hives the easy way to get bees for free ""books"" books if you have seen his videos on youtube or have been to his web page learningbeekeeping com he has some great info on beekeeping this book is a valuable tool in your beekeeping library i would recommen",0.75
books_75,the highly sensitive child helping our children thrive when the world overwhelms them,"""books""",1.0,0.0,,,good read,books,"the highly sensitive child helping our children thrive when the world overwhelms them the highly sensitive child helping our children thrive when the world overwhelms them the highly sensitive child helping our children thrive when the world overwhelms them ""books"" books good read",0.75
books_76,5 seconds of summer poster collection,"""books""",1.0,0.0,,,they were so cute and i have then covering my walls i love them,books,"5 seconds of summer poster collection 5 seconds of summer poster collection 5 seconds of summer poster collection ""books"" books they were so cute and i have then covering my walls i love them",0.75
books_77,living life nuggets for daily christian living volume 1,"""books""",1.0,0.0,,,it has blessed me,books,"living life nuggets for daily christian living volume 1 living life nuggets for daily christian living volume 1 living life nuggets for daily christian living volume 1 ""books"" books it has blessed me",0.75
books_78,over in the ocean in a coral reef,"""books""",1.0,0.0,,,i was pleased with the product,books,"over in the ocean in a coral reef over in the ocean in a coral reef over in the ocean in a coral reef ""books"" books i was pleased with the product",0.75
books_79,the pearl,"""books""",1.0,0.0,,,arrived before estimated delivery date just as advertised,books,"the pearl the pearl the pearl ""books"" books arrived before estimated delivery date just as advertised",0.75
books_80,daily word problems grade 4,"""books""",1.0,0.0,,,i was pleased with the product,books,"daily word problems grade 4 daily word problems grade 4 daily word problems grade 4 ""books"" books i was pleased with the product",0.75
books_81,a long road home,"""books""",1.0,0.0,,,a long road home is a thought provoking debut novel from an artist who created beautifully flawed believable characters,books,"a long road home a long road home a long road home ""books"" books a long road home is a thought provoking debut novel from an artist who created beautifully flawed believable characters",0.75
books_82,daily reading comprehension grade 4,"""books""",1.0,0.0,,,i was pleased with the product,books,"daily reading comprehension grade 4 daily reading comprehension grade 4 daily reading comprehension grade 4 ""books"" books i was pleased with the product",0.75
books_83,clinical anesthesia fundamentals print ebook with multimedia,"""books""",1.0,0.0,,,many folks commented on the text of the book as a medical student i concur with the other reviews that this is an excellent introductory resource to obtain foundation for your clinical education this review will instead focus on the lecture videos which supplement each and every chapter and can be easily overlooked and let me tell you they are great as someone with experience in designing and producing interactive educational multimedia here are my takes on the videos there is a video lecture that supplements each chapter they are very nice summaries and place emphasis on the important points in the text while supplementing with interesting points to enhance memorization there are multiple choice questions immbedded between sections of each lecture which are great reminders and pointers of key learning points and forced you to think again each question comes with a full explanation of choices and main concept the videos are short and sweet they have very similar content to the text but uses different sensory modalities i e graphs animations images audio that enhance memorization for example for the introductory lecture on the history of anesthesia the pictures of different historic figures and instruments really helped me link names to events as someone with experience in designing and producing educational multimedia projects i understand how hard it is to have high quality and actually very useful digital contents made available to supplement the text there are inherent restrictions on the different technical parameters allowed by such web contents such as the definitions and smoothness of the videos with that in mind the qualities of the lecture videos are pretty great the other thing is while you can switch the slides and lecturer windows it might be helpful to have an option to change the sizes of different windows i personally think the lecturer s window is too small i could recommend several good ways to utilize the lecture videos 1 you can watch the videos after reading the text 2 you can watch the video first and then you can pause and refer back to the text for clarification if needed the videos cover the main points 3 read the text of every chapter then when reviewing the concepts at the end of your study use the lecture videos in summary great videos and if you bought this book or planning on getting this book yes you will like it if you are a medical student learning anesthesia or a resident looking to lay down good foundational knowledge make sure you use these wonderful interactive digital contents,books,"clinical anesthesia fundamentals print ebook with multimedia clinical anesthesia fundamentals print ebook with multimedia clinical anesthesia fundamentals print ebook with multimedia ""books"" books many folks commented on the text of the book as a medical student i concur with the other reviews that this is an excellent introductory resource to obtain foundation for your clinical education this ",0.75
books_84,usaaf medium bomber units eto and mto 1942 45,"""books""",1.0,0.0,,,it is the last book of my collection of the the aircam airwar serie now i have the 24 items this book of 48 pages is full of pictures and beautitful drawings and thanks a lot to amazon and its dealers kind regard,books,"usaaf medium bomber units eto and mto 1942 45 usaaf medium bomber units eto and mto 1942 45 usaaf medium bomber units eto and mto 1942 45 ""books"" books it is the last book of my collection of the the aircam airwar serie now i have the 24 items this book of 48 pages is full of pictures and beautitful drawings and thanks a lot to amazon and its dealers",0.75
books_85,build your own metal working shop from scrap complete 7 book series,"""books""",1.0,0.0,,,is getting me off to a good start,books,"build your own metal working shop from scrap complete 7 book series build your own metal working shop from scrap complete 7 book series build your own metal working shop from scrap complete 7 book series ""books"" books is getting me off to a good start",0.75
books_86,transformed,"""books""",1.0,0.0,,,very enjoyable read with unique story line and characters,books,"transformed transformed transformed ""books"" books very enjoyable read with unique story line and characters",0.75
books_87,creative coloring inspirations art activity pages to relax and enjoy,"""books""",1.0,0.0,,,this coloring book is beautiful the pages are single page and perforated i love it,books,"creative coloring inspirations art activity pages to relax and enjoy creative coloring inspirations art activity pages to relax and enjoy creative coloring inspirations art activity pages to relax and enjoy ""books"" books this coloring book is beautiful the pages are single page and perforated i love it",0.75
books_88,the mind salmon poetry,"""books""",1.0,0.0,,,if i were still working with john fitzgerald in the interest of full disclosure we worked together at red hen press i would nudge him and say of his book the mind 34 skynet becomes self aware at 2 14 a m eastern time august 29th 34 my sense of john is that he has been aware of himself for a long time but not in a solipsistic or narcissistic way at all he is a keen observer a consumer of origins fine distinctions continua grand schemes and minute details he likely began observing and contemplating information from the moment he experienced the glare of light in the delivery room and he has never stopped interestingly while the mind is about the remarkable way john thinks it speaks to the larger questions of how we all think how we came to be sapient in the first place and how we develop as thinking souls in space and time keeping the language of his prose like tercets basic unadorned and free flowing he accomplishes poetry of significance and elemental beauty left brain contemplation of structure and systems aligns itself with right brain wonder and whimsy but neither hemisphere dominates in the work so the reader can only expect the unexpected and the rewards are great poems of curiosity orientation with the universe sorrow finding center and surprising hilarity only john can make the idea of rocks funny if i were teaching from john s book i would encourage poetry students to examine his masterful skill with personification i would encourage philosophy students to wrestle with his experiences of phenomena i would ask psychology and neuro biology candidates to experience the brain from inside out i would ask physics students to explore how we process space and time in an era when such concepts are continually challenged and updated i would ask divinity students to consider creation from the point of view of the created the mind weighs so many approaches to thinking and being that you won t devour it in one or two sittings read it as you would the book of genesis or hawking or an introduction to meditation you will not think the same way ever again after reading it,books,"the mind salmon poetry the mind salmon poetry the mind salmon poetry ""books"" books if i were still working with john fitzgerald in the interest of full disclosure we worked together at red hen press i would nudge him and say of his book the mind 34 skynet becomes self aware at 2 14 ",0.75
books_89,helping without hurting in short term missions participant s guide,"""books""",1.0,0.0,,,a must read for all those planning short term missions,books,"helping without hurting in short term missions participant s guide helping without hurting in short term missions participant s guide helping without hurting in short term missions participant s guide ""books"" books a must read for all those planning short term missions",0.75
books_90,my first abc my first books,"""books""",1.0,0.0,,,kids love it,books,"my first abc my first books my first abc my first books my first abc my first books ""books"" books kids love it",0.75
books_91,writing in the margins connecting with god on the pages of your bible,"""books""",1.0,0.0,,,love this book certainly helps with journaling in my bible,books,"writing in the margins connecting with god on the pages of your bible writing in the margins connecting with god on the pages of your bible writing in the margins connecting with god on the pages of your bible ""books"" books love this book certainly helps with journaling in my bible",0.75
books_92,the growing up book for boys what boys on the autism spectrum need to know,"""books""",1.0,0.0,,,thanks so much for this opportunity to read a book that focuses on boys with special needs like autism i actually got this book in the hopes to understand my friend s son who s got autism spectrum and also to help my friend on how to cope with her son brent together we read the book to him and thoroughly explained the stuffs he needs to do with his body while growing up i like that the book also contains important information and advice for parents and guardians in order to properly provide for the physical and emotional well being of the kids he s learning a lot thanks to the valuable pieces of information as well as the illustrations in the book definitely a book that growing up boys will enjoy love and keep at heart,books,"the growing up book for boys what boys on the autism spectrum need to know the growing up book for boys what boys on the autism spectrum need to know the growing up book for boys what boys on the autism spectrum need to know ""books"" books thanks so much for this opportunity to read a book that focuses on boys with special needs like autism i actually got this book in the hopes to understand my friend s son who s got autism spectrum and",0.75
books_93,best easy day hikes olympic national park 2nd best easy day hikes series,"""books""",1.0,0.0,,,great info source if you are going to the olympic peninsula you need to get this book,books,"best easy day hikes olympic national park 2nd best easy day hikes series best easy day hikes olympic national park 2nd best easy day hikes series best easy day hikes olympic national park 2nd best easy day hikes series ""books"" books great info source if you are going to the olympic peninsula you need to get this book",0.75
books_94,death comes to london a kurland st mary mystery,"""books""",0.0,0.0,,,i was looking forward to the second book in the series i am almost half way through and i am finding that most of the book is a repeat of death comes to the village if you haven t read death comes to the village this wouldn t be an issue however i just finished reading it so am wanting to skip ahead to find something new,books,"death comes to london a kurland st mary mystery death comes to london a kurland st mary mystery death comes to london a kurland st mary mystery ""books"" books i was looking forward to the second book in the series i am almost half way through and i am finding that most of the book is a repeat of death comes to the village if you haven t read death comes to ",0.25
books_95,fairytales gone wrong give us a smile cinderella a story about personal hygiene,"""books""",1.0,0.0,,,we always talk about hygiene here and this really made them think about teeth care as part of hygiene we also gave everyone a tooth paste and tooth brush kit after reading the story,books,"fairytales gone wrong give us a smile cinderella a story about personal hygiene fairytales gone wrong give us a smile cinderella a story about personal hygiene fairytales gone wrong give us a smile cinderella a story about personal hygiene ""books"" books we always talk about hygiene here and this really made them think about teeth care as part of hygiene we also gave everyone a tooth paste and tooth brush kit after reading the story",0.75
books_96,king prophecy,"""books""",0.0,0.0,,,source i received a digital copy of this book for free on a read to review basis thanks to harpercollins and edelweiss this was an okay end to the series but i did lose interest in places kira continued to be strong in this story although she did break down at one point i understood her devastation over what happened though and she proved that at heart she was both a fighter and a human the storyline in this was okay and it wrapped things up nicely i did lose focus at points though and the romance didn t really interest me there was a bit of an unexpected twist in there that kira didn t take well the ending was good and kira finally got what she wanted 6 out of 10,books,"king prophecy king prophecy king prophecy ""books"" books source i received a digital copy of this book for free on a read to review basis thanks to harpercollins and edelweiss this was an okay end to the series but i did lose interest in places kira continu",0.25
books_97,return to me,"""books""",1.0,0.0,,,you ll find yourself transported back to war time forties a time when people lived in limbo when every moment could be the last and their hearts loved deeply while continuously breaking the characters are complex and believable and the story sweeps you into their lives multiple plotlines from multiple eras intertwine around the theme of 34 return 34 sadie is forced to examine her beliefs as her world shakes over and over again and the journey through hard times makes one wonder if love really is enough in the end the reader is left examining his her own beliefs around that very question,books,"return to me return to me return to me ""books"" books you ll find yourself transported back to war time forties a time when people lived in limbo when every moment could be the last and their hearts loved deeply while continuously breaking the characters",0.75
books_98,fatal voyage the sinking of the uss indianapolis,"""books""",1.0,0.0,,,story that has been too long covered up shows the true side of the top echelon of american service people and their utter regard for those who really do the work,books,"fatal voyage the sinking of the uss indianapolis fatal voyage the sinking of the uss indianapolis fatal voyage the sinking of the uss indianapolis ""books"" books story that has been too long covered up shows the true side of the top echelon of american service people and their utter regard for those who really do the work",0.75
books_99,the gender of inanimate objects and other stories,"""books""",1.0,0.0,,,i loved this book maya is such an interesting character and marello does an amazing job of bringing sweetwater county and all of its complex inhabitants to life i think 34 in one enormous bed like children 34 is also amazing,books,"the gender of inanimate objects and other stories the gender of inanimate objects and other stories the gender of inanimate objects and other stories ""books"" books i loved this book maya is such an interesting character and marello does an amazing job of bringing sweetwater county and all of its complex inhabitants to life i think 34 in one enormous bed like chi",0.75
ebook_100,big maria,"""digital_ebook_purchase""",1.0,0.0,,,elmore leonard meets the cast of sierra madre just a quirky read that will make you want to keep trying no matter what happens,ebook,"big maria big maria big maria ""digital_ebook_purchase"" ebook elmore leonard meets the cast of sierra madre just a quirky read that will make you want to keep trying no matter what happens",0.75
ebook_101,the woman who wasn t there the true story of an incredible deception,"""digital_ebook_purchase""",1.0,0.0,,,this book was very interesting it is a true story about a woman who perpetrated a lie about her survival of the attack on 9 11 it was so amazing to me that she could would do such a thing it had such a devastating effect on so many,ebook,"the woman who wasn t there the true story of an incredible deception the woman who wasn t there the true story of an incredible deception the woman who wasn t there the true story of an incredible deception ""digital_ebook_purchase"" ebook this book was very interesting it is a true story about a woman who perpetrated a lie about her survival of the attack on 9 11 it was so amazing to me that she could would do such a thing it had such ",0.75
ebook_102,mary had a sleepy sheep,"""digital_ebook_purchase""",1.0,0.0,,,i had the opportunity to review mary had a sleepy sheep by julia dweck with my kindergarten class and they thought it was hysterical we have read this story multiple times and it s just as funny every time it s about a little girl and her sheep who is so sleepy no matter what she tries to do to wake him up and she tries some pretty crazy things you ll have to purchase it and see for yourself how she finally keeps her poor sheep awake,ebook,"mary had a sleepy sheep mary had a sleepy sheep mary had a sleepy sheep ""digital_ebook_purchase"" ebook i had the opportunity to review mary had a sleepy sheep by julia dweck with my kindergarten class and they thought it was hysterical we have read this story multiple times and it s just as funny every",0.75
ebook_103,starstruck,"""digital_ebook_purchase""",1.0,0.0,,,what a great read i really couldn t put this book down a suspenseful twist in this steamy love story will keep you reading where can i find a jesse just loved his relationship with sam you ve gotta read this story it won t disappoint,ebook,"starstruck starstruck starstruck ""digital_ebook_purchase"" ebook what a great read i really couldn t put this book down a suspenseful twist in this steamy love story will keep you reading where can i find a jesse just loved his relationship with sam you ve gotta re",0.75
ebook_104,the complete conan saga,"""digital_ebook_purchase""",1.0,0.0,,,barbarians need love too short stories work well with ebooks the texts can be printed and read later they can be read on a laptop bravo,ebook,"the complete conan saga the complete conan saga the complete conan saga ""digital_ebook_purchase"" ebook barbarians need love too short stories work well with ebooks the texts can be printed and read later they can be read on a laptop bravo",0.75
ebook_105,the middle passage a cat royal adventure,"""digital_ebook_purchase""",0.0,0.0,,,it was okay obviously but if you hadn t read the other beginning books well it would be confusing plus there s the fact that it did not tell me that it was a script for a play though the plot is sort of good once you get kind of the idea of what happened,ebook,"the middle passage a cat royal adventure the middle passage a cat royal adventure the middle passage a cat royal adventure ""digital_ebook_purchase"" ebook it was okay obviously but if you hadn t read the other beginning books well it would be confusing plus there s the fact that it did not tell me that it was a script for a play though the plot is sort ",0.25
ebook_106,hide in plain sight the three sisters inn book 1,"""digital_ebook_purchase""",1.0,0.0,,,very interesting and kept me reading read it in one day didn t get much of anything else done very good,ebook,"hide in plain sight the three sisters inn book 1 hide in plain sight the three sisters inn book 1 hide in plain sight the three sisters inn book 1 ""digital_ebook_purchase"" ebook very interesting and kept me reading read it in one day didn t get much of anything else done very good",0.75
ebook_107,face of betrayal a triple threat novel,"""digital_ebook_purchase""",1.0,0.0,,,really enjoyed this book and the author ready to read the next one thanks for keeping me intrigued and unable to put my book down,ebook,"face of betrayal a triple threat novel face of betrayal a triple threat novel face of betrayal a triple threat novel ""digital_ebook_purchase"" ebook really enjoyed this book and the author ready to read the next one thanks for keeping me intrigued and unable to put my book down",0.75
ebook_108,final justice a romantic suspense,"""digital_ebook_purchase""",1.0,0.0,,,i really liked this book i felt like i got to know the characters it was a really good read,ebook,"final justice a romantic suspense final justice a romantic suspense final justice a romantic suspense ""digital_ebook_purchase"" ebook i really liked this book i felt like i got to know the characters it was a really good read",0.75
ebook_109,falling for my husband british billionaires,"""digital_ebook_purchase""",1.0,0.0,,,reading callum and stella s story was a bit like watching a tennis match they bounced like a tennis ball back and forth from his side of the court to her side of the court they were together then not together together and then not over and over again like a tennis match it was entertaining at times but was nerve racking and tiring to watch yet i couldn t stop reading although it was painful to witness i did like the dilemma callum found himself in when the woman who had shattered his heart suddenly came back to him and wanted him back he was caught between that proverbial rock and a hard place and was forced to make an impossibly tough choice but just like in a tennis match in order for callum to win in love he had to put himself out there face his opponent head on with everything he had and fight to win i get why stella s brother did what he did he gave his brother and sister the ultimate gift love and family,ebook,"falling for my husband british billionaires falling for my husband british billionaires falling for my husband british billionaires ""digital_ebook_purchase"" ebook reading callum and stella s story was a bit like watching a tennis match they bounced like a tennis ball back and forth from his side of the court to her side of the court they were together then not ",0.75
ebook_110,forgetting tabitha,"""digital_ebook_purchase""",1.0,0.0,,,i really enjoyed this book it broke my heart to imagine what some of the children had to do to survive the book kept my interest throughout the entire book i recommended my sister and her daughter both to read this book i loved it,ebook,"forgetting tabitha forgetting tabitha forgetting tabitha ""digital_ebook_purchase"" ebook i really enjoyed this book it broke my heart to imagine what some of the children had to do to survive the book kept my interest throughout the entire book i recommended my sister and her daughter bot",0.75
ebook_111,the blacksmith s son mageborn book 1,"""digital_ebook_purchase""",1.0,0.0,,,although not completely original it has a decent plot and entertaining points some humor it s well but at times is a bit cheesy still worth reading though,ebook,"the blacksmith s son mageborn book 1 the blacksmith s son mageborn book 1 the blacksmith s son mageborn book 1 ""digital_ebook_purchase"" ebook although not completely original it has a decent plot and entertaining points some humor it s well but at times is a bit cheesy still worth reading though",0.75
ebook_112,vampire vacation adult urban fantasy the v v inn book 1,"""digital_ebook_purchase""",1.0,0.0,,,enjoyed the characters and the story line kept me entertained and ready for more a nice fantasy of the undead,ebook,"vampire vacation adult urban fantasy the v v inn book 1 vampire vacation adult urban fantasy the v v inn book 1 vampire vacation adult urban fantasy the v v inn book 1 ""digital_ebook_purchase"" ebook enjoyed the characters and the story line kept me entertained and ready for more a nice fantasy of the undead",0.75
ebook_113,by the tail cougar falls book 7,"""digital_ebook_purchase""",1.0,0.0,,,i love the cougar falls series each time a new one comes out i have new favorite this was quince and joy s story quince took over the pride after it had been corrupted by lex quince was strong loyal charming determined he was determined to mate with joy he knew they were mates joy just kept avoiding him the chemistry between them was through the roof i laughed out loud numerous times at his tactics in getting joy s attention joy was strong willed funny determined and didn t take anything off anybody joy and quince had to work out their issues while dealing with some of lex s followers that wanted to cause trouble by the tail was funny heartwarming hot and steamy with added action this was a great book just like the rest of the courgar falls series i highly recommend i received an arc copy of this book in exchange for a honest review all opinions and thoughts are my own my review can be found at,ebook,"by the tail cougar falls book 7 by the tail cougar falls book 7 by the tail cougar falls book 7 ""digital_ebook_purchase"" ebook i love the cougar falls series each time a new one comes out i have new favorite this was quince and joy s story quince took over the pride after it had been corrupted by lex quince was strong loyal c",0.75
ebook_114,the kingdom a fargo adventure book 3,"""digital_ebook_purchase""",1.0,0.0,,,i really enjoy clive cusslers work the fargos are a new team i am going to read a lot more of his books,ebook,"the kingdom a fargo adventure book 3 the kingdom a fargo adventure book 3 the kingdom a fargo adventure book 3 ""digital_ebook_purchase"" ebook i really enjoy clive cusslers work the fargos are a new team i am going to read a lot more of his books",0.75
ebook_115,6 erotic bedtime stories adult sexual content,"""digital_ebook_purchase""",0.0,0.0,,,i have to admit i didn t finish the first story was just so so and i stopped when continuity was lost in the second story when both her husband s and her co worker s name changed and then back again its a super short story and the writer isn t skilled enough to make sure the names are constant is it todd or perry ron or robert at this point i just didn t care enough to continue i didn t know what to rate it so gave it middle of the road,ebook,"6 erotic bedtime stories adult sexual content 6 erotic bedtime stories adult sexual content 6 erotic bedtime stories adult sexual content ""digital_ebook_purchase"" ebook i have to admit i didn t finish the first story was just so so and i stopped when continuity was lost in the second story when both her husband s and her co worker s name changed and then back again i",0.25
ebook_116,the purpose driven life what on earth am i here for,"""digital_ebook_purchase""",1.0,0.0,,,thanx paster rick you served us all with the word and hart of god amazing read kind regard and love in christ,ebook,"the purpose driven life what on earth am i here for the purpose driven life what on earth am i here for the purpose driven life what on earth am i here for ""digital_ebook_purchase"" ebook thanx paster rick you served us all with the word and hart of god amazing read kind regard and love in christ",0.75
ebook_117,insurgent divergent trilogy book 2,"""digital_ebook_purchase""",1.0,0.0,,,as with divergent the second book in the series is great the characters are well written and you never know what tris will do next i can t wait for the next book,ebook,"insurgent divergent trilogy book 2 insurgent divergent trilogy book 2 insurgent divergent trilogy book 2 ""digital_ebook_purchase"" ebook as with divergent the second book in the series is great the characters are well written and you never know what tris will do next i can t wait for the next book",0.75
ebook_118,forever his a time travel romance stolen brides series book 1,"""digital_ebook_purchase""",0.0,0.0,,,from the time that celine travels back until the end she becomes a loathsome character she is weak and written to be quite pathetic how she can so quickly fall in love with a cruel man and he is cruel and rude until about 3 4 of the way through is beyond me i was rooting for the villain to do away with them both i read some of the dialogue between the two love interests to my husband and we laughed at its absurdity the writing style was very good but the plot and characters were not endearing in any way i would have rather had the female character just play along quietly until she could return to her time instead of simpering and desperate this to me was not a romance but a twisted stockholm syndrome fiction spend your money elsewhere,ebook,"forever his a time travel romance stolen brides series book 1 forever his a time travel romance stolen brides series book 1 forever his a time travel romance stolen brides series book 1 ""digital_ebook_purchase"" ebook from the time that celine travels back until the end she becomes a loathsome character she is weak and written to be quite pathetic how she can so quickly fall in love with a cruel man and he is cruel",0.25
ebook_119,summerset abbey a bloom in winter,"""digital_ebook_purchase""",1.0,0.0,,,i love the interaction of the 3 34 sisters 34 how they change how their world changes and how they deal with everyday life absolutely excellent looking forward to 3,ebook,"summerset abbey a bloom in winter summerset abbey a bloom in winter summerset abbey a bloom in winter ""digital_ebook_purchase"" ebook i love the interaction of the 3 34 sisters 34 how they change how their world changes and how they deal with everyday life absolutely excellent looking forward to 3",0.75
ebook_120,searching for dave chappelle kindle single,"""digital_ebook_purchase""",0.0,0.0,,,dave is honest he makes us laugh at what divides us i want him to come back and succeed he is brilliant comedy central huh,ebook,"searching for dave chappelle kindle single searching for dave chappelle kindle single searching for dave chappelle kindle single ""digital_ebook_purchase"" ebook dave is honest he makes us laugh at what divides us i want him to come back and succeed he is brilliant comedy central huh",0.25
ebook_121,night film a novel,"""digital_ebook_purchase""",1.0,0.0,,,this book is a great read the characters linger long after their story ends and an adroit reader recognizes that it is a reflection on storytelling our relationship with reality and the need to be fully awake while we live our daily lives it is clear that pessl had fun writing this book,ebook,"night film a novel night film a novel night film a novel ""digital_ebook_purchase"" ebook this book is a great read the characters linger long after their story ends and an adroit reader recognizes that it is a reflection on storytelling our relationship with reality and the need to be ful",0.75
ebook_122,five lessons from the carmelite saints that will change your life,"""digital_ebook_purchase""",1.0,0.0,,,this is a short book but could be a constant reminder of things to do to enhance one s spirituality i keep on reading and re reading it to be able to absorb its contents should be practiced again and again,ebook,"five lessons from the carmelite saints that will change your life five lessons from the carmelite saints that will change your life five lessons from the carmelite saints that will change your life ""digital_ebook_purchase"" ebook this is a short book but could be a constant reminder of things to do to enhance one s spirituality i keep on reading and re reading it to be able to absorb its contents should be practiced again and ",0.75
ebook_123,somebody help i m stuck 101 ways to find success and achieve anything you want in life,"""digital_ebook_purchase""",1.0,0.0,,,i have read self help books written by many of the top authors this book is absolutely amazing rodney explains how to change how you think and live a better life i gave it a quick read through and immediately knew what has been holding me back for some time this author has heart and soul i am so happy that i found this book,ebook,"somebody help i m stuck 101 ways to find success and achieve anything you want in life somebody help i m stuck 101 ways to find success and achieve anything you want in life somebody help i m stuck 101 ways to find success and achieve anything you want in life ""digital_ebook_purchase"" ebook i have read self help books written by many of the top authors this book is absolutely amazing rodney explains how to change how you think and live a better life i gave it a quick read through and imm",0.75
ebook_124,the day my parents got lost,"""digital_ebook_purchase""",1.0,0.0,,,my son loves the story and understood why i always keeps him close by my side would recommend to anyone with a child,ebook,"the day my parents got lost the day my parents got lost the day my parents got lost ""digital_ebook_purchase"" ebook my son loves the story and understood why i always keeps him close by my side would recommend to anyone with a child",0.75
ebook_125,january first a child s descent into madness and her father s struggle to save her,"""digital_ebook_purchase""",1.0,0.0,,,i chose this rating because i thought this was a brilliant description of a very sad and serious issue and especially the parents struggle to see their young child go through this i thought it seemed harder for them most of the time because the child was mainly in her own world and didnt realise what was going on really the parents watched their child go through so much before finally being diagnosed,ebook,"january first a child s descent into madness and her father s struggle to save her january first a child s descent into madness and her father s struggle to save her january first a child s descent into madness and her father s struggle to save her ""digital_ebook_purchase"" ebook i chose this rating because i thought this was a brilliant description of a very sad and serious issue and especially the parents struggle to see their young child go through this i thought it seemed ",0.75
ebook_126,a lady in defiance a christian historical western romance set in colorado romance in the rockies book 1,"""digital_ebook_purchase""",0.0,0.0,,,this work should not be put in the category that it is put into it is not clean and i wish there were better filters or standards no thanks,ebook,"a lady in defiance a christian historical western romance set in colorado romance in the rockies book 1 a lady in defiance a christian historical western romance set in colorado romance in the rockies book 1 a lady in defiance a christian historical western romance set in colorado romance in the rockies book 1 ""digital_ebook_purchase"" ebook this work should not be put in the category that it is put into it is not clean and i wish there were better filters or standards no thanks",0.25
ebook_127,emotional sobriety i,"""digital_ebook_purchase""",1.0,0.0,,,puts peoples experiences in words that we can understand excellent reading for those who are new or old in recovery,ebook,"emotional sobriety i emotional sobriety i emotional sobriety i ""digital_ebook_purchase"" ebook puts peoples experiences in words that we can understand excellent reading for those who are new or old in recovery",0.75
ebook_128,knights the hand of tharnin the knights series book 2,"""digital_ebook_purchase""",1.0,0.0,,,this work wasn t as good as the first loss of not just one good character but two was excessive in my opinion the story drug on and on some editing would have helped here with that in mind i still recommend this book the story line is strong the characters relatable and the writing good,ebook,"knights the hand of tharnin the knights series book 2 knights the hand of tharnin the knights series book 2 knights the hand of tharnin the knights series book 2 ""digital_ebook_purchase"" ebook this work wasn t as good as the first loss of not just one good character but two was excessive in my opinion the story drug on and on some editing would have helped here with that in mind i still rec",0.75
ebook_129,undeniable rogue the rogues club book 1,"""digital_ebook_purchase""",1.0,0.0,,,oh my goodness i must marry that man oops guess i m married so i guess not what a fun read i laughed so hard and even had some tears and since it s 4 15 a m and just finishing this book then you know it s a good one,ebook,"undeniable rogue the rogues club book 1 undeniable rogue the rogues club book 1 undeniable rogue the rogues club book 1 ""digital_ebook_purchase"" ebook oh my goodness i must marry that man oops guess i m married so i guess not what a fun read i laughed so hard and even had some tears and since it s 4 15 a m and just finishing this book then you know ",0.75
ebook_130,president barack obama the kindle singles interview kindle single,"""digital_ebook_purchase""",1.0,0.0,,,this important for our nation to hear from the president i recommend that middle school through adult read it is always important to hear directly from the leader of this great nation,ebook,"president barack obama the kindle singles interview kindle single president barack obama the kindle singles interview kindle single president barack obama the kindle singles interview kindle single ""digital_ebook_purchase"" ebook this important for our nation to hear from the president i recommend that middle school through adult read it is always important to hear directly from the leader of this great nation",0.75
ebook_131,the complete e book bestseller formula for authors 2015 edition a time tested guaranteed recipe for kindle best seller success increase book sales and kindle kdp be a kindle bestseller,"""digital_ebook_purchase""",1.0,0.0,,,i have been staying away from the kindle book selling advice books lately i don t like the way that most of them are written by internet marketing gurus not real authors i m glad i made an exception for this book maybe it was the cover art lol pimp my kindle book was written by an author that has built his book publishing business from scratch the tone is fun and supportive it was an easy read and i found myself identifying with the author throughout the book there is a lot of instantly actionable tasks that can make immediate improvement in book sales and book sales page traffic can t wait to start implementing my own action plan,ebook,"the complete e book bestseller formula for authors 2015 edition a time tested guaranteed recipe for kindle best seller success increase book sales and kindle kdp be a kindle bestseller the complete e book bestseller formula for authors 2015 edition a time tested guaranteed recipe for kindle best seller success increase book sales and kindle kdp be a kindle bestseller the complete e book bestseller formula for authors 2015 edition a time tested guaranteed recipe for kindle best seller success increase book sales and kindle kdp be a kindle bestseller ""digital_ebook_purchase"" ebook i have been staying away from the kindle book selling advice books lately i don t like the way that most of them are written by internet marketing gurus not real authors i m glad i made an exception f",0.75
ebook_132,a fistful of charms the hollows book 4,"""digital_ebook_purchase""",1.0,0.0,,,just when i thought the author couldn t possibly come up with anymore plot twists or great characters she does it again i have lost more hours of sleep over this series than any other except elizabeth hunter s,ebook,"a fistful of charms the hollows book 4 a fistful of charms the hollows book 4 a fistful of charms the hollows book 4 ""digital_ebook_purchase"" ebook just when i thought the author couldn t possibly come up with anymore plot twists or great characters she does it again i have lost more hours of sleep over this series than any other except elizabeth",0.75
ebook_133,burnt sienna,"""digital_ebook_purchase""",0.0,0.0,,,this book is only so so it wasn t a bad read but i expected it differently it was recommended to me as an action packed story of an ex military cia man versus a ruthless weapons dealer instead it was mostly a sappy love story with a thin layer of action as a flavorless topping i may give morrell another chance it was written well enoughto make it tolerable but i really hope the next book i read of his is exceptionally better i recommend this book to those who want to read about flawlessly beautiful women with tepid intelligence and hard headed ex military men who try too hard to be touchy feely on the inside the romance was almost as bland as the mildly entertaining action read this if you have only two choices between this or ender s game that book was infinitely worse,ebook,"burnt sienna burnt sienna burnt sienna ""digital_ebook_purchase"" ebook this book is only so so it wasn t a bad read but i expected it differently it was recommended to me as an action packed story of an ex military cia man versus a ruthless weapons dealer instead it was ",0.25
ebook_134,worse than being alone,"""digital_ebook_purchase""",1.0,0.0,,,i wasn t too thrilled when i started but i finished the books pretty quickly because it kept me intrigued sad about the way it ended though,ebook,"worse than being alone worse than being alone worse than being alone ""digital_ebook_purchase"" ebook i wasn t too thrilled when i started but i finished the books pretty quickly because it kept me intrigued sad about the way it ended though",0.75
ebook_135,the husband s secret,"""digital_ebook_purchase""",1.0,0.0,,,so many real life stories and tragedies it was interesting to read what the characters were thinking and feeling about their life choices very perceptive author,ebook,"the husband s secret the husband s secret the husband s secret ""digital_ebook_purchase"" ebook so many real life stories and tragedies it was interesting to read what the characters were thinking and feeling about their life choices very perceptive author",0.75
ebook_136,becoming a great godparent everything a catholic needs to know,"""digital_ebook_purchase""",0.0,0.0,,,i was hoping for a bit more than what this book had to offer there weren t enough practical ideas in here or anything really original i had read alot of this on the internet and a whole chapter was just already well known catholic prayers the gift ideas were ok but predictable the book was not really worth the price tag disappointing and a missed opportunity since there s not many books on being a godparent and this could have filled the gap,ebook,"becoming a great godparent everything a catholic needs to know becoming a great godparent everything a catholic needs to know becoming a great godparent everything a catholic needs to know ""digital_ebook_purchase"" ebook i was hoping for a bit more than what this book had to offer there weren t enough practical ideas in here or anything really original i had read alot of this on the internet and a whole chapter was ju",0.25
ebook_137,the storyteller,"""digital_ebook_purchase""",1.0,0.0,,,this is a very emotional story in fact i had to put it down several times because i would find myself actually angry from reading it i loved t,ebook,"the storyteller the storyteller the storyteller ""digital_ebook_purchase"" ebook this is a very emotional story in fact i had to put it down several times because i would find myself actually angry from reading it i loved t",0.75
ebook_138,firefly beach,"""digital_ebook_purchase""",0.0,0.0,,,my father used to tell me that it was necessary 34 to walk a mile in someone else s shoes in order to understand them 34 the story line of this book does a good job of delving into the circumstances that shape the lives and actions of the people depicted in the story it is very interesting the supernatural intuition of the main character is well thought out especially as it relates to her own life as she remembers the problems of growing up the book is not quite what i expected but thought provoking nonetheless there were turns in the story where i knew where it was going but also some unexpected detours that were charming,ebook,"firefly beach firefly beach firefly beach ""digital_ebook_purchase"" ebook my father used to tell me that it was necessary 34 to walk a mile in someone else s shoes in order to understand them 34 the story line of this book does a good job of delving into the circumstances t",0.25
ebook_139,the highway a novel cody hoyt book 2,"""digital_ebook_purchase""",0.0,0.0,,,the cody hoyt character was killed off in the opening scenes of the book i haven t finished the book yet this is not the typical cjb venue and so i have been slow in finishing the book this is a little too gruesome for my tastes i guess i am too old for this sort of story,ebook,"the highway a novel cody hoyt book 2 the highway a novel cody hoyt book 2 the highway a novel cody hoyt book 2 ""digital_ebook_purchase"" ebook the cody hoyt character was killed off in the opening scenes of the book i haven t finished the book yet this is not the typical cjb venue and so i have been slow in finishing the book this is a littl",0.25
ebook_140,his primary desire new adult billionaire bbw romance,"""digital_ebook_purchase""",0.0,0.0,,,for being an introduction to the series it s pretty good it s entertaining and to the point there is a part two but there is no detail as to when it will be released other than a coming soon the problem with coming soon is that i will forget about the series or won t bother looking for the next part if there is no firm release date also coming soon seems non committal hopefully soon actually means soon not a few months from now which is not soon,ebook,"his primary desire new adult billionaire bbw romance his primary desire new adult billionaire bbw romance his primary desire new adult billionaire bbw romance ""digital_ebook_purchase"" ebook for being an introduction to the series it s pretty good it s entertaining and to the point there is a part two but there is no detail as to when it will be released other than a coming soon the probl",0.25
ebook_141,the billionaire s apprentice the rise of the indian american elite and the fall of the galleon hedge fund,"""digital_ebook_purchase""",1.0,0.0,,,highly readable an insight into the working of the criminal justice system of a highly evolved country the united states of america will there be a sequel to the fortunes of the indian diaspora from anita raghavan,ebook,"the billionaire s apprentice the rise of the indian american elite and the fall of the galleon hedge fund the billionaire s apprentice the rise of the indian american elite and the fall of the galleon hedge fund the billionaire s apprentice the rise of the indian american elite and the fall of the galleon hedge fund ""digital_ebook_purchase"" ebook highly readable an insight into the working of the criminal justice system of a highly evolved country the united states of america will there be a sequel to the fortunes of the indian diaspora from a",0.75
ebook_142,to the limit an air cav huey pilot in vietnam,"""digital_ebook_purchase""",1.0,0.0,,,very intense read like you were there in the aircraft to all who served in vietnam thank you god bless,ebook,"to the limit an air cav huey pilot in vietnam to the limit an air cav huey pilot in vietnam to the limit an air cav huey pilot in vietnam ""digital_ebook_purchase"" ebook very intense read like you were there in the aircraft to all who served in vietnam thank you god bless",0.75
ebook_143,act like a lady think like a man what men really think about love relationships intimacy and commitment,"""digital_ebook_purchase""",1.0,0.0,,,will absolutely never be the same for me all mothers should buy this book for their daughters and girls should absolutely keep the cookie jar shut tight for as long as possible,ebook,"act like a lady think like a man what men really think about love relationships intimacy and commitment act like a lady think like a man what men really think about love relationships intimacy and commitment act like a lady think like a man what men really think about love relationships intimacy and commitment ""digital_ebook_purchase"" ebook will absolutely never be the same for me all mothers should buy this book for their daughters and girls should absolutely keep the cookie jar shut tight for as long as possible",0.75
ebook_144,healing with form energy and light the five elements in tibetan shamanism tantra and dzogchen,"""digital_ebook_purchase""",0.0,0.0,,,i have paperback of this and went into the kindle ed to search it i get 34 title not yet indexed 34 34 goto 34 only lets you go to a location not page number it would be nice for the kindle edition to have one or both of these,ebook,"healing with form energy and light the five elements in tibetan shamanism tantra and dzogchen healing with form energy and light the five elements in tibetan shamanism tantra and dzogchen healing with form energy and light the five elements in tibetan shamanism tantra and dzogchen ""digital_ebook_purchase"" ebook i have paperback of this and went into the kindle ed to search it i get 34 title not yet indexed 34 34 goto 34 only lets you go to a location not page number it would be nice for the kindle edition to",0.25
ebook_145,kidnapped by the greek billionaire entangled indulgence,"""digital_ebook_purchase""",1.0,0.0,,,short read lovely romantic with lots of secrets and drama and a satisfying ending highly recommended for those who love romance,ebook,"kidnapped by the greek billionaire entangled indulgence kidnapped by the greek billionaire entangled indulgence kidnapped by the greek billionaire entangled indulgence ""digital_ebook_purchase"" ebook short read lovely romantic with lots of secrets and drama and a satisfying ending highly recommended for those who love romance",0.75
ebook_146,blood politics blood destiny book 4,"""digital_ebook_purchase""",1.0,0.0,,,i bought they first book in this series on thursday and and the second one on friday the third on saturday and this one on sunday i t is now 1 46 am monday morning and i tell you this i love this series and the main character i will definitely be watching for the next book in the series i pray and hope it s soon i will also pray mack and corigan work it out i cried for her at the end of this book,ebook,"blood politics blood destiny book 4 blood politics blood destiny book 4 blood politics blood destiny book 4 ""digital_ebook_purchase"" ebook i bought they first book in this series on thursday and and the second one on friday the third on saturday and this one on sunday i t is now 1 46 am monday morning and i tell you this i love this seri",0.75
ebook_147,night vision an indigo court novel book 4,"""digital_ebook_purchase""",1.0,0.0,,,this is a great series and i recommend it for everyone if you like fantasy great character development as always,ebook,"night vision an indigo court novel book 4 night vision an indigo court novel book 4 night vision an indigo court novel book 4 ""digital_ebook_purchase"" ebook this is a great series and i recommend it for everyone if you like fantasy great character development as always",0.75
ebook_148,seeds of the whirlwind the livingstone library book 4,"""digital_ebook_purchase""",1.0,0.0,,,i love how the author combined learning with adventure and fun the glossary makes this book series a great addition to any homeschool curriculum i will definitely use these books for my youngsters academics as they get a little older,ebook,"seeds of the whirlwind the livingstone library book 4 seeds of the whirlwind the livingstone library book 4 seeds of the whirlwind the livingstone library book 4 ""digital_ebook_purchase"" ebook i love how the author combined learning with adventure and fun the glossary makes this book series a great addition to any homeschool curriculum i will definitely use these books for my youngsters aca",0.75
ebook_149,paul s letter to the romans bible trivia quiz study guide bibleeye bible trivia quizzes study guides book 6,"""digital_ebook_purchase""",1.0,0.0,,,this is a great way to learn the bible you read a chapter and then answer the questions great study tool,ebook,"paul s letter to the romans bible trivia quiz study guide bibleeye bible trivia quizzes study guides book 6 paul s letter to the romans bible trivia quiz study guide bibleeye bible trivia quizzes study guides book 6 paul s letter to the romans bible trivia quiz study guide bibleeye bible trivia quizzes study guides book 6 ""digital_ebook_purchase"" ebook this is a great way to learn the bible you read a chapter and then answer the questions great study tool",0.75
ebook_150,free ipad apps top rated,"""digital_ebook_purchase""",0.0,0.0,,,we didn t purchase this item however we did review it from what we gathered from this your better off going to the app store and looking under the free apps they have to offer,ebook,"free ipad apps top rated free ipad apps top rated free ipad apps top rated ""digital_ebook_purchase"" ebook we didn t purchase this item however we did review it from what we gathered from this your better off going to the app store and looking under the free apps they have to offer",0.25
ebook_151,very bad things briarwood academy book 1,"""digital_ebook_purchase""",1.0,0.0,,,very bad things briarcrest academy 1 by ilsa madden mills publication date september 10 2013 reviewed by reading in pajamas cori rated 5 stars review i loved this book it drew me in from the first chapter and i couldn t put it down until i turned the last page other than to send teasers to my facebook page i loved the characters their story was an emotional roller coaster ride for me everyone sees nora as the perfect innocent rich girl but she has scars and things she hides from the world when leo meets nora they have an instant connection their story makes the reader believe in soul mates and destiny a beautiful love story with hot and steamy romance loved it and can not wait to find out who will star in the next briarcrest academy book review copy provided by the author in exchange for an honest review twitter readingpajamas,ebook,"very bad things briarwood academy book 1 very bad things briarwood academy book 1 very bad things briarwood academy book 1 ""digital_ebook_purchase"" ebook very bad things briarcrest academy 1 by ilsa madden mills publication date september 10 2013 reviewed by reading in pajamas cori rated 5 stars review i loved this book it drew me in from the first cha",0.75
ebook_152,the theory of attraction the science of temptation book 1,"""digital_ebook_purchase""",1.0,0.0,,,previously posted on goodreads refreshing approach to a romance and smart witty and humourous to boot i can totally identify with h s frustration with people in general and at the same time i totally live the h s whole being with the nerd thing kudos to ms dryden enjoyed this one immensely,ebook,"the theory of attraction the science of temptation book 1 the theory of attraction the science of temptation book 1 the theory of attraction the science of temptation book 1 ""digital_ebook_purchase"" ebook previously posted on goodreads refreshing approach to a romance and smart witty and humourous to boot i can totally identify with h s frustration with people in general and at the same time i totally ",0.75
ebook_153,the stuck with a series boxed set 1 the stuck with a series boxed sets,"""digital_ebook_purchase""",0.0,0.0,,,the prequel shows promise and led me into the first book which started off well at least until the chapter when the body is discovered then the author seemed to loose focus sam s character suddenly reveled she has mob connections and we are introduced to a group of people called the mom squad they somehow play a role in solving the mystery you are also introduced to nick s crazy aunt which sets up the second book in the second book the crazy aunt has a voodoo curse go wrong and everybody including the sherriff is running around trying to undo the curse with more magic which by the way the author insists on misspelling some part of the story are humorous but it would have benefited from a good editor sam s character expresses interest in learning magic my spelling not theirs in this book now we hit the third book in which we again find sam s mom squad and now we find out that sam is related to santa claus and the grams character is dating father time we also see the return of magic in the form of the queen of the witches so if sam wanted to learn more about magic why didn t she just go to this witch she already knows the authors seem to be addicted the unbelievable plot twist school of writing they also like to change voices pretty much every chapter from nick to sam unless they don t kind of like the book i couldn t really find a pattern they started out with a good premise and then seemed to say 34 oh well lets write this half stoned 34 truthfully i would have given it two stars but knowing what is involved in writing a book and given the fact it did hold my attention if only to find out what whacked out thing they would introduce next i gave it three if you are looking for a good mystery this isn t it if you are looking for a book that will keep you guessing if only as to what or who they will introduce next this would be a good choice i just wished that after they introduce these new characters they would do a better job of developing them oduce these new characters they would do a better job of developing them,ebook,"the stuck with a series boxed set 1 the stuck with a series boxed sets the stuck with a series boxed set 1 the stuck with a series boxed sets the stuck with a series boxed set 1 the stuck with a series boxed sets ""digital_ebook_purchase"" ebook the prequel shows promise and led me into the first book which started off well at least until the chapter when the body is discovered then the author seemed to loose focus sam s character suddenly re",0.25
ebook_154,asshole how i got rich happy by not giving a damn about anyone how you can too,"""digital_ebook_purchase""",1.0,0.0,,,i read this book in an entire sitting it truly does live up to its name and martin kihn did a great job in ensuring that,ebook,"asshole how i got rich happy by not giving a damn about anyone how you can too asshole how i got rich happy by not giving a damn about anyone how you can too asshole how i got rich happy by not giving a damn about anyone how you can too ""digital_ebook_purchase"" ebook i read this book in an entire sitting it truly does live up to its name and martin kihn did a great job in ensuring that",0.75
ebook_155,the 7 best beginning tropical fish species for starting a new aquarium,"""digital_ebook_purchase""",1.0,0.0,,,this book is just what it says it is if you are putting together a new aquarium he takes you through the process of selecting your first round of fish talks about which ones can handle the process of the tank becoming a balanced eco system this isn t a simple process and some fish can t handle it he also discusses different fish and which ones work best in different sized tanks i recommend this for anyone starting out with a new aquarium,ebook,"the 7 best beginning tropical fish species for starting a new aquarium the 7 best beginning tropical fish species for starting a new aquarium the 7 best beginning tropical fish species for starting a new aquarium ""digital_ebook_purchase"" ebook this book is just what it says it is if you are putting together a new aquarium he takes you through the process of selecting your first round of fish talks about which ones can handle the process of ",0.75
ebook_156,secrets from the dust,"""digital_ebook_purchase""",1.0,0.0,,,enjoyed the book and a little covered aspect of austrailian history just felt the end was too abrupt and left the heroine hanging in limbo or was that meant to be,ebook,"secrets from the dust secrets from the dust secrets from the dust ""digital_ebook_purchase"" ebook enjoyed the book and a little covered aspect of austrailian history just felt the end was too abrupt and left the heroine hanging in limbo or was that meant to be",0.75
ebook_157,the st paul conspiracy a compelling crime thriller mac mcryan mystery series book,"""digital_ebook_purchase""",1.0,0.0,,,this was the first one i read of this series it s a great little mystery action novel i am just getting into the series and have read through them very quickly,ebook,"the st paul conspiracy a compelling crime thriller mac mcryan mystery series book the st paul conspiracy a compelling crime thriller mac mcryan mystery series book the st paul conspiracy a compelling crime thriller mac mcryan mystery series book ""digital_ebook_purchase"" ebook this was the first one i read of this series it s a great little mystery action novel i am just getting into the series and have read through them very quickly",0.75
ebook_158,movement system impairment syndromes of the extremities cervical and thoracic spines e book,"""digital_ebook_purchase""",1.0,0.0,,,should be part of every therapist s personal library very informative i wish i would have purchased when it was first published,ebook,"movement system impairment syndromes of the extremities cervical and thoracic spines e book movement system impairment syndromes of the extremities cervical and thoracic spines e book movement system impairment syndromes of the extremities cervical and thoracic spines e book ""digital_ebook_purchase"" ebook should be part of every therapist s personal library very informative i wish i would have purchased when it was first published",0.75
ebook_159,venture capital 101,"""digital_ebook_purchase""",1.0,0.0,,,having consulted for private equity i had a fair understanding of the venture cap market still bill snow was able to add insight and understanding through this easy to ready introduction to vc it s not as detailed as similar books but it s fictional examples helps the read better understand concepts that might otherwise be hard to grasp,ebook,"venture capital 101 venture capital 101 venture capital 101 ""digital_ebook_purchase"" ebook having consulted for private equity i had a fair understanding of the venture cap market still bill snow was able to add insight and understanding through this easy to ready introduction to vc it s no",0.75
ebook_160,serpent s kiss a witches of east end novel witches of the east book 2,"""digital_ebook_purchase""",1.0,0.0,,,absolutely loved this book can t wait to read the third probably the best series i ve read from this author so far,ebook,"serpent s kiss a witches of east end novel witches of the east book 2 serpent s kiss a witches of east end novel witches of the east book 2 serpent s kiss a witches of east end novel witches of the east book 2 ""digital_ebook_purchase"" ebook absolutely loved this book can t wait to read the third probably the best series i ve read from this author so far",0.75
ebook_161,from rogue to vogue why did libya give up its weapons of mass destruction,"""digital_ebook_purchase""",0.0,0.0,,,although the cover says its from rogue to vogue why did libya give up its weapons of mass destruction the text is about marine weapons training i am seeking a refund,ebook,"from rogue to vogue why did libya give up its weapons of mass destruction from rogue to vogue why did libya give up its weapons of mass destruction from rogue to vogue why did libya give up its weapons of mass destruction ""digital_ebook_purchase"" ebook although the cover says its from rogue to vogue why did libya give up its weapons of mass destruction the text is about marine weapons training i am seeking a refund",0.25
ebook_162,a midsummer night s dream in plain and simple english a modern translation and the original version translated classics retold book 3,"""digital_ebook_purchase""",1.0,0.0,,,every teacher of literature should use this book it completely demystifies shakespeare the students love it and it makes the play even more funny students can get success on their assignments it is a must,ebook,"a midsummer night s dream in plain and simple english a modern translation and the original version translated classics retold book 3 a midsummer night s dream in plain and simple english a modern translation and the original version translated classics retold book 3 a midsummer night s dream in plain and simple english a modern translation and the original version translated classics retold book 3 ""digital_ebook_purchase"" ebook every teacher of literature should use this book it completely demystifies shakespeare the students love it and it makes the play even more funny students can get success on their assignments it is a ",0.75
ebook_163,making over maggie women of surprise book 3,"""digital_ebook_purchase""",1.0,0.0,,,it held my interest and difficult to put it down until it was finished looking forward to more like it,ebook,"making over maggie women of surprise book 3 making over maggie women of surprise book 3 making over maggie women of surprise book 3 ""digital_ebook_purchase"" ebook it held my interest and difficult to put it down until it was finished looking forward to more like it",0.75
ebook_164,junk the bristol collection book 1,"""digital_ebook_purchase""",1.0,0.0,,,what can i say another great story from ms myles working with hoarders is one my interest area and found working with these individuals truly rewarding so i have been waiting to read this book for some time and ordered it in advance what a treat it was to find it in my kindle last weekend grin i also believe that there is a bit of hoarder in most of us you should see my sewing room so reading the journey of jasper and lewis was certainly captivating for me jasper s story brought tears to my eyes at times and certainly filled me with empathy lewis ethical dilemma about his counter transference experience was also very interesting and how he dealt with his struggle and guilt but i also felt it was more than average counter transference expereince as lewis had a powerful crush on lewis from his high school days i really liked the way josephine tactfully created lewis profession so noone would be too caught up that a therapist was emotionally sexually involved with a patient well lewis was still jasper s therapist albeit an unregistered one but at least they took 6 month away from each other and then lewis decided to study further which would help him to understand more about the dynamics in a therapeutic relationship so i felt better as a professional i also liked the way josephine added a little sexual intimacy without overwhelming jasper and lewis emotional journey lewis s parents were simple adorable they reminded of the previous owner of my home so i kept laughing whenever i visualised them walking around naked doing chores bending around to pick up things putting the baking tray into the oven sitting around hahahhaaaaa there were no perfect bodies with stunning features in this book how refreshing is that jasper and lewis were just everyday individuals dealing with life and desperately trying to resolve their personal issues i think josephine wrote this story with a wonderful level of sensitiveness and empathy here is another writer pointing out that love is not just for the successful and the beautiful but is for everyone no matter what i love this concept in a book whether one is living with an illness or a disability or in poverty with emotional physical scars there is still another out there who will think the world of that one sephine wrote this story with a wonderful level of sensitiveness and empathy here is another writer pointing out that love is not just for the successful and the beautiful but is for everyone no matter what i love this concept in a book whether one is living with an illness or a disability or in poverty with emotional physical scars there is still another out there who will think the world of that one,ebook,"junk the bristol collection book 1 junk the bristol collection book 1 junk the bristol collection book 1 ""digital_ebook_purchase"" ebook what can i say another great story from ms myles working with hoarders is one my interest area and found working with these individuals truly rewarding so i have been waiting to read this book for som",0.75
ebook_165,dale color a tu vida spanish edition,"""digital_ebook_purchase""",1.0,0.0,,,este libro de una forma fresca y agradable plantea como dios puede cambiar tus circunstancias cambia el color de tu vida pintala de los colores mas hermosos,ebook,"dale color a tu vida spanish edition dale color a tu vida spanish edition dale color a tu vida spanish edition ""digital_ebook_purchase"" ebook este libro de una forma fresca y agradable plantea como dios puede cambiar tus circunstancias cambia el color de tu vida pintala de los colores mas hermosos",0.75
ebook_166,lover at last black dagger brotherhood book 11,"""digital_ebook_purchase""",1.0,0.0,,,absolutely loved quinn and blay s story a great addition to the bdb series it was the first m m romance i ve read but it works because you have cared about these characters for so long you want to see it work out for them love knows no gender,ebook,"lover at last black dagger brotherhood book 11 lover at last black dagger brotherhood book 11 lover at last black dagger brotherhood book 11 ""digital_ebook_purchase"" ebook absolutely loved quinn and blay s story a great addition to the bdb series it was the first m m romance i ve read but it works because you have cared about these characters for so long you want to see",0.75
ebook_167,time untime dark hunter novels book 16,"""digital_ebook_purchase""",1.0,0.0,,,i love the characters that in the books i always love the special drop by from ash and even nick now,ebook,"time untime dark hunter novels book 16 time untime dark hunter novels book 16 time untime dark hunter novels book 16 ""digital_ebook_purchase"" ebook i love the characters that in the books i always love the special drop by from ash and even nick now",0.75
ebook_168,velvet ball and the broken fairy velvet and roseberry book 1,"""digital_ebook_purchase""",0.0,0.0,,,hi i was unable to complete this book didn t work for me i am very interested in learning more about what people deal with but this isn t the way i can learn about this illness,ebook,"velvet ball and the broken fairy velvet and roseberry book 1 velvet ball and the broken fairy velvet and roseberry book 1 velvet ball and the broken fairy velvet and roseberry book 1 ""digital_ebook_purchase"" ebook hi i was unable to complete this book didn t work for me i am very interested in learning more about what people deal with but this isn t the way i can learn about this illness",0.25
ebook_169,dead last,"""digital_ebook_purchase""",1.0,0.0,,,this is one of the best book i have read for some time the amazing story pulls you in deeper and really connects you emotionally with the characters you begin to feel what they are going through and that only makes the book better i love good fictional sci fi novels and this one ranks high up on my list i would highly recommend this book to anyone who wants a good scare and good story,ebook,"dead last dead last dead last ""digital_ebook_purchase"" ebook this is one of the best book i have read for some time the amazing story pulls you in deeper and really connects you emotionally with the characters you begin to feel what they are going through and t",0.75
ebook_170,gone girl a novel,"""digital_ebook_purchase""",1.0,0.0,,,i did not get this item i ended up ordering it through my ipad so i can t rate this seller,ebook,"gone girl a novel gone girl a novel gone girl a novel ""digital_ebook_purchase"" ebook i did not get this item i ended up ordering it through my ipad so i can t rate this seller",0.75
ebook_171,ravenous novella novella,"""digital_ebook_purchase""",1.0,0.0,,,i dub eden summers the queen of novellas it s not easy to fit so much story background personality passion and love in so few pages not only does ms summers accomplish this but she does so in spectacular fashion erin mcdonald is getting through each day by putting on a happy face and acting as if she is suffering from a broken heart for the love of god 8 years has gone by is it going to stop hurting when she thinks of jesse and how he left her behind probably not especially now that he s back in town for a visit her body and heart seems to have forgotten that he s bad news and leads to nothing but pain jesse hackett has never regretted his decision to leave behind the country life for a successful career in the city but he s always been haunted by the loss of the love of his life he s back in town for his mom s birthday and he wants nothing more than to rekindle the old flame how to do that without breaking both of their hearts even more is the big question he is only visiting and will be going back to his life in the city and he knows erin would never follow him this book is not short on heat and passion that s for sure the witty banter between erin and her sister made me laugh out loud in more than one spot eden really is very good at sarcastic humor which just happens to be my first language the love between jesse and erin was bittersweet yet fun to read i highly recommend this book and any other eden summers story you won t be sorry thank you so much netgalley com for the loan of this book in exchange for my honest review you can find this review and others at and,ebook,"ravenous novella novella ravenous novella novella ravenous novella novella ""digital_ebook_purchase"" ebook i dub eden summers the queen of novellas it s not easy to fit so much story background personality passion and love in so few pages not only does ms summers accomplish this but she does so in spectacu",0.75
ebook_172,ballet auditions an aspiring ballerina s guide to book 2,"""digital_ebook_purchase""",1.0,0.0,,,i bought the other books in the aspiring ballerina s guide series and although my daughter won t be auditioning anytime in the near future i figured i d buy this one too seeing as it s so cheap and she enjoyed the others so much obviously i can t attest as to exactly how effective the advice in the book is but i ve skimmed it and the information seems thorough and pertinent seems like it would be relevant for all dancers not just ballet,ebook,"ballet auditions an aspiring ballerina s guide to book 2 ballet auditions an aspiring ballerina s guide to book 2 ballet auditions an aspiring ballerina s guide to book 2 ""digital_ebook_purchase"" ebook i bought the other books in the aspiring ballerina s guide series and although my daughter won t be auditioning anytime in the near future i figured i d buy this one too seeing as it s so cheap and sh",0.75
ebook_173,the paleo diet for beginners slow cooker recipe book gluten free everyday essential slow cooker paleo recipes for beginners or how to get started with a paleolithic diet,"""digital_ebook_purchase""",1.0,0.0,,,exactly what i was looking for as i try to eat as little carbs as i can due to my diabetes,ebook,"the paleo diet for beginners slow cooker recipe book gluten free everyday essential slow cooker paleo recipes for beginners or how to get started with a paleolithic diet the paleo diet for beginners slow cooker recipe book gluten free everyday essential slow cooker paleo recipes for beginners or how to get started with a paleolithic diet the paleo diet for beginners slow cooker recipe book gluten free everyday essential slow cooker paleo recipes for beginners or how to get started with a paleolithic diet ""digital_ebook_purchase"" ebook exactly what i was looking for as i try to eat as little carbs as i can due to my diabetes",0.75
ebook_174,forbidden fruit new adult may december romance,"""digital_ebook_purchase""",1.0,0.0,,,34 if you want a really hot book that makes you want to take a cold shower for your temperature descend this is the book selena obviously knows how to write sex scenes omg they are really out of the charts this a story of two friends who together discover sex and explore it in all ways they can they are both twenty and have a catholic education leah lives with her mother and his father leave them a long time ago erika lives with his widower father rob he is handsome and leah who spend a lot of time in erika s house starts to have love and sexual feelings for him well all become complicated because he is much older and because her type of relationship with erica for me the problem isn t about the taboo of dating your best friend s dad beyond the problem of his age i think he has feel in a relationship with leah too fast without any resistance he takes her virginity without second toughts and he has a daughter with the same age maybe things could be more slowly until they go for the real deal and i think leah cold stop all the things with erika sooner i want to know if they are really stay together because he didn t think in marriage but he wants she lives with him i expect more of rob great sexy reading 34,ebook,"forbidden fruit new adult may december romance forbidden fruit new adult may december romance forbidden fruit new adult may december romance ""digital_ebook_purchase"" ebook 34 if you want a really hot book that makes you want to take a cold shower for your temperature descend this is the book selena obviously knows how to write sex scenes omg they are really out of the c",0.75
ebook_175,the nature of cruelty,"""digital_ebook_purchase""",1.0,0.0,,,what a wonderful surprise i loved this book could not put it down the characters are well developed and the story is different and wonderfully written loved loved loved it,ebook,"the nature of cruelty the nature of cruelty the nature of cruelty ""digital_ebook_purchase"" ebook what a wonderful surprise i loved this book could not put it down the characters are well developed and the story is different and wonderfully written loved loved loved it",0.75
ebook_176,pilgrim s inn the eliots of damerosehay series book 2,"""digital_ebook_purchase""",1.0,0.0,,,i like books that take you up and put down in the middle of the family making you feel you are living in their time and place i was not reading their story i was living in the middle of their lives,ebook,"pilgrim s inn the eliots of damerosehay series book 2 pilgrim s inn the eliots of damerosehay series book 2 pilgrim s inn the eliots of damerosehay series book 2 ""digital_ebook_purchase"" ebook i like books that take you up and put down in the middle of the family making you feel you are living in their time and place i was not reading their story i was living in the middle of their lives",0.75
ebook_177,an exact replica of a figment of my imagination a memoir,"""digital_ebook_purchase""",1.0,0.0,,,i read this six weeks after losing my unborn son i read it in about 12 hours it was true it broke my heart i cried for pudding and of course for my son jamie a year ago i couldn t have read this book it would have been too scary and painful to read of a loss that spoke to my worst nightmare now i cling to these accounts like life rafts somehow people find a way through this that is good to know,ebook,"an exact replica of a figment of my imagination a memoir an exact replica of a figment of my imagination a memoir an exact replica of a figment of my imagination a memoir ""digital_ebook_purchase"" ebook i read this six weeks after losing my unborn son i read it in about 12 hours it was true it broke my heart i cried for pudding and of course for my son jamie a year ago i couldn t have read this book ",0.75
ebook_178,the true benjamin franklin,"""digital_ebook_purchase""",1.0,0.0,,,read about the founders through their own words i came to realize that what i was reading in history books was the point of view of the author in order to get a clear picture of what the founders were really thinking you must do your own homework read different points of view with an open mind and find authors who provide context for the quotes that doesn t skip straight to modern opinion this book fits that effort,ebook,"the true benjamin franklin the true benjamin franklin the true benjamin franklin ""digital_ebook_purchase"" ebook read about the founders through their own words i came to realize that what i was reading in history books was the point of view of the author in order to get a clear picture of what the founders were",0.75
ebook_179,change the world and make big money teaching training and serving humanity,"""digital_ebook_purchase""",1.0,0.0,,,christian has a fresh and authentic view point on coaching and internet marketing i really enjoyed reading it it was very informative and inspiring l andrew morgan the goals coach,ebook,"change the world and make big money teaching training and serving humanity change the world and make big money teaching training and serving humanity change the world and make big money teaching training and serving humanity ""digital_ebook_purchase"" ebook christian has a fresh and authentic view point on coaching and internet marketing i really enjoyed reading it it was very informative and inspiring l andrew morgan the goals coach",0.75
ebook_180,devil s paw imp series book 4,"""digital_ebook_purchase""",1.0,0.0,,,another great read couldn t put it down it will be interesting to see how all this impacts sam in the next one,ebook,"devil s paw imp series book 4 devil s paw imp series book 4 devil s paw imp series book 4 ""digital_ebook_purchase"" ebook another great read couldn t put it down it will be interesting to see how all this impacts sam in the next one",0.75
ebook_181,eleanor park,"""digital_ebook_purchase""",1.0,0.0,,,i read it in one night couldn t put it down it was beautiful and tragic i miss the characters already,ebook,"eleanor park eleanor park eleanor park ""digital_ebook_purchase"" ebook i read it in one night couldn t put it down it was beautiful and tragic i miss the characters already",0.75
ebook_182,acheron a dark hunter novel dark hunter novels book 11,"""digital_ebook_purchase""",1.0,0.0,,,for anyone who started reading sherrilyn kenyon s dark hunter series this was a very high point i have read all in order and absolutely loved this book awesome spectacular breathtaking you feel sadness joy amazement and so many more emotions you are almost not sure what to do with them you cry you laugh any author who can make you feel all of these things is one you want to follow all books leading up to acheron are fantastic but you found yourself wanting to know his personal story so bad and it sure wasn t what you thought it would be very well done anyone who has read christine feehan s carpaithian series will want to read sherrilyn kenyon s dark hunter series kudos to the author you never disappoint,ebook,"acheron a dark hunter novel dark hunter novels book 11 acheron a dark hunter novel dark hunter novels book 11 acheron a dark hunter novel dark hunter novels book 11 ""digital_ebook_purchase"" ebook for anyone who started reading sherrilyn kenyon s dark hunter series this was a very high point i have read all in order and absolutely loved this book awesome spectacular breathtaking you feel sadnes",0.75
ebook_183,bible stories,"""digital_ebook_purchase""",0.0,0.0,,,it is a very vague book it tells the basics i ll admit but there are a lot of stories from the bible missing from this book it doesn t tell you much i thought it would be all of the stories but this is just a disappointment,ebook,"bible stories bible stories bible stories ""digital_ebook_purchase"" ebook it is a very vague book it tells the basics i ll admit but there are a lot of stories from the bible missing from this book it doesn t tell you much i thought it would be all of the stories but this i",0.25
ebook_184,the divine secrets of the whoopie pie sisters book one an amish christian trilogy,"""digital_ebook_purchase""",1.0,0.0,,,i know most of us don t like short books or cliff hangers but because my life is busy short books are great for me i look forward to the next couple of books from these two lovely ladies love reading about the different sisters and how their lives are unfolding for us,ebook,"the divine secrets of the whoopie pie sisters book one an amish christian trilogy the divine secrets of the whoopie pie sisters book one an amish christian trilogy the divine secrets of the whoopie pie sisters book one an amish christian trilogy ""digital_ebook_purchase"" ebook i know most of us don t like short books or cliff hangers but because my life is busy short books are great for me i look forward to the next couple of books from these two lovely ladies love reading ",0.75
ebook_185,the long road a post apocalyptic novel the new world book 2,"""digital_ebook_purchase""",1.0,0.0,,,enjoyed this book fast reading can not wait for next book gives you a lot to think about how would you handle something like this,ebook,"the long road a post apocalyptic novel the new world book 2 the long road a post apocalyptic novel the new world book 2 the long road a post apocalyptic novel the new world book 2 ""digital_ebook_purchase"" ebook enjoyed this book fast reading can not wait for next book gives you a lot to think about how would you handle something like this",0.75
ebook_186,shirley jones a memoir,"""digital_ebook_purchase""",0.0,0.0,,,i was disappointed in this book almost from the first page shirley jones was an actress that i admired from afar until i read about her choices in life to begin the book isn t well written jones frequently repeats herself her sentence structure lacks clarity and her use of personal pronouns is at times confusing i could however forgive these distractions after all she s an actress and singer not a writer but she should have made use of a good editor or ghost writer that said what i found most unappealing were her vivid descriptions of her sexual mores and lascivious forays with jack cassidy including a 3 way event not only does she make clear that mister cassidy was very well endowed but she also tells us that his son was even bigger cassidy as everyone knew was an unrelenting cheat and adulterer but this didn t seem to bother jones much at least not enough to stop loving him or to leave him for many years the jones cassidy family were dysfunction because it seems that neither jones nor cassidy did what caring parents are supposed to do near the end of the book jones repeatedly attempts to justify her marriage to marty ingels as she has been doing for more than 30 years jones claims she loved cassidy and still does and that she loves ingels both men as she describes them have serious flaws that she excuses and forgives out of hand unfortunately she isn t a very sophisticated women coming from a small town in pennsylvania i know that tell all autobiographies sell books but i think jones discredits herself in this missive an example of this is at the end of the book she proudly boasts in some detail of still masturbating regularly at 80 years of age as miss jones warns the reader early in her book she is not the quaint innocent young lady she flawlessly portrayed in her early films and that s just too bad,ebook,"shirley jones a memoir shirley jones a memoir shirley jones a memoir ""digital_ebook_purchase"" ebook i was disappointed in this book almost from the first page shirley jones was an actress that i admired from afar until i read about her choices in life to begin the book isn t well written jones frequ",0.25
ebook_187,destiny s embrace,"""digital_ebook_purchase""",1.0,0.0,,,thanks so much ms jenkins for all of your african american historical romances i have read them all to date some of them twice i love the attention to authenticity and details i always come away feeling that i not only learned so much about your characters but also about life for african americans during those times we african americans have such a rich and embedded history in america and i love to read your novels as you showcase this,ebook,"destiny s embrace destiny s embrace destiny s embrace ""digital_ebook_purchase"" ebook thanks so much ms jenkins for all of your african american historical romances i have read them all to date some of them twice i love the attention to authenticity and details i always come away feeli",0.75
ebook_188,divergent divergent trilogy book 1,"""digital_ebook_purchase""",1.0,0.0,,,i couldn t put it down it was a great book i will read this series again and again i really like the characters,ebook,"divergent divergent trilogy book 1 divergent divergent trilogy book 1 divergent divergent trilogy book 1 ""digital_ebook_purchase"" ebook i couldn t put it down it was a great book i will read this series again and again i really like the characters",0.75
ebook_189,undeniably yours a porter family novel book 1,"""digital_ebook_purchase""",1.0,0.0,,,enjoyed this good clean read will look for more from this author bethany house publishers thanks for good clean books,ebook,"undeniably yours a porter family novel book 1 undeniably yours a porter family novel book 1 undeniably yours a porter family novel book 1 ""digital_ebook_purchase"" ebook enjoyed this good clean read will look for more from this author bethany house publishers thanks for good clean books",0.75
ebook_190,green lake,"""digital_ebook_purchase""",1.0,0.0,,,green lake was a well written thriller i enjoyed the story very much though i would have like to know more of what happened to the sisters life,ebook,"green lake green lake green lake ""digital_ebook_purchase"" ebook green lake was a well written thriller i enjoyed the story very much though i would have like to know more of what happened to the sisters life",0.75
ebook_191,fifty shades of grey fifty shades book 1,"""digital_ebook_purchase""",0.0,0.0,,,i realize there are also a lot of men who want to be made into submissives out there but why are we so fascinated with women being demeaned controlled and subjugated in our society i also thought the book was totally unrealistic sort of a modern day mild porno romance novel i only read the first book and wasn t interested in reading the other two,ebook,"fifty shades of grey fifty shades book 1 fifty shades of grey fifty shades book 1 fifty shades of grey fifty shades book 1 ""digital_ebook_purchase"" ebook i realize there are also a lot of men who want to be made into submissives out there but why are we so fascinated with women being demeaned controlled and subjugated in our society i also thought the ",0.25
ebook_192,the witch doctor s wife with bonus material promo e books,"""digital_ebook_purchase""",1.0,0.0,,,an interesting book i have worked in angola so i could relate to a lot of the book just more modern times the last couple of sentences had me questioning something that was previously written but the ending was good otherwise,ebook,"the witch doctor s wife with bonus material promo e books the witch doctor s wife with bonus material promo e books the witch doctor s wife with bonus material promo e books ""digital_ebook_purchase"" ebook an interesting book i have worked in angola so i could relate to a lot of the book just more modern times the last couple of sentences had me questioning something that was previously written but the ",0.75
ebook_193,dead sky morning experiment in terror 3,"""digital_ebook_purchase""",1.0,0.0,,,i love this series i cant wait for the next book i just noticed that there are books that say book 6 5 i love the whole series i am looking forward to all of them,ebook,"dead sky morning experiment in terror 3 dead sky morning experiment in terror 3 dead sky morning experiment in terror 3 ""digital_ebook_purchase"" ebook i love this series i cant wait for the next book i just noticed that there are books that say book 6 5 i love the whole series i am looking forward to all of them",0.75
ebook_194,masters at arms introduction to the rescue me saga,"""digital_ebook_purchase""",1.0,0.0,,,i had a hard time figuring out how to write this review i loved this book but if you re looking to this book because it s a bdsm series you ll be a little disappointed maybe well i hope not but let me explain the author starts out the book telling you exactly what you re going to get backstory you get the backstory for the main characters in a multi book bdsm series the rescue me series there s not much sex in this book at all a couple of steamy scenes that are tame from a bdsm point of view and one scene that is graphic that shows one of the characters forced into sexual slavery so it s not at all sexy that said this book is fantastically written the characters are amazing i loved them all the depth they show the real authentic feelings and their actions all drew me in i will be reading every book in this series because i am so invested in these characters now so buy this book read it get to know adam damien and marc also kayla and savi and then buy the rest of the books in the series,ebook,"masters at arms introduction to the rescue me saga masters at arms introduction to the rescue me saga masters at arms introduction to the rescue me saga ""digital_ebook_purchase"" ebook i had a hard time figuring out how to write this review i loved this book but if you re looking to this book because it s a bdsm series you ll be a little disappointed maybe well i hope not but let me",0.75
ebook_195,winning the boss s heart entangled indulgence,"""digital_ebook_purchase""",1.0,0.0,,,a temporary arrangement that blazes with heat from the very beginning mason is looking to refurbish this estate and move on he needs an assistant for only 12 weeks so the job can be finished in time billie is looking for a temporary arrangement where she can make money to go to college this job opportunity sounds almost perfect until you factor in the chemistry they both feel this story was heartwarming sensual and extremely sensitive to the topic of losing a child mason is the broken man broken by the loss of his daughter and the dissolution of his first marriage all he is interested in is working keeping his mind busy so he does not have to think about his feelings and being able to sleep at night although he keeps busy his thoughts still plague him and sleep eludes him billie s influence on mason is obvious from the very beginning of their strange arrangement she is so full of love and empathy she could rally anyone to happiness i love how she handles mason and brings him around kicking an screaming so to speak so he can face life his feelings and finally become a worthy member of society this book is a fantastic one day read full of entertainment tastefully sensual this romantic story will leave you smiling,ebook,"winning the boss s heart entangled indulgence winning the boss s heart entangled indulgence winning the boss s heart entangled indulgence ""digital_ebook_purchase"" ebook a temporary arrangement that blazes with heat from the very beginning mason is looking to refurbish this estate and move on he needs an assistant for only 12 weeks so the job can be finished in time b",0.75
ebook_196,anywhere,"""digital_ebook_purchase""",1.0,0.0,,,i received this book in exchange for an honest review this book drew me in and kept me up friday night i read until i realized all of my kids had put themselves to bed i tore through 51 percent of it that night if saturday and sunday weren t so busy i would have finished it saturday at least by lunch but by 3pm sunday i was finished i love skye she s vulnerable and she may not know what she wants but she does know what she doesn t want she s a grownup who has never been on their own not really i like the detailed best friendship she has with paige as well as her relationship with her younger brother i also like the depth of asher s character i absolutely loved the plot and the journey skye is a girl we all have inside she s taking the what if s out of the equation figuring out who she is and what she really wants it is the bravest thing that a person can do all i can say after reading it really is bravo j meyers officially made me want to give a book a standing ovation my brain echoed with the john hughes ish clapping to thundering applause if you want to laugh and cry and laugh some more and swoon anyways just a really really good read na romance fans this is the book for you get the book and fall in love anywhere fade into you by mazzy star played in my headset as i read the last chapter and yeah that was awesome,ebook,"anywhere anywhere anywhere ""digital_ebook_purchase"" ebook i received this book in exchange for an honest review this book drew me in and kept me up friday night i read until i realized all of my kids had put themselves to bed i tore through 51 percent of it ",0.75
ebook_197,hatchet brian s saga book 1,"""digital_ebook_purchase""",1.0,0.0,,,love this we have read many times great story thanks for a great product definetly would recommend to any one,ebook,"hatchet brian s saga book 1 hatchet brian s saga book 1 hatchet brian s saga book 1 ""digital_ebook_purchase"" ebook love this we have read many times great story thanks for a great product definetly would recommend to any one",0.75
ebook_198,her favorite temptation mathews sisters book 1,"""digital_ebook_purchase""",1.0,0.0,,,i got this ebook for free and it was decent but a little flat the world she created was very small and static i did however want to find out what happened to the characters even though in a romance novel there s a guarantee that the couple would end up together hence i give it 4 stars,ebook,"her favorite temptation mathews sisters book 1 her favorite temptation mathews sisters book 1 her favorite temptation mathews sisters book 1 ""digital_ebook_purchase"" ebook i got this ebook for free and it was decent but a little flat the world she created was very small and static i did however want to find out what happened to the characters even though in a romance no",0.75
grocery_199,the cravings place chocolate chunk cookie mix 23 ounce bags pack of 6,"""grocery""",1.0,0.0,,,as a family allergic to wheat dairy eggs nuts and several other things we love the entire cravings place line of products as it allows us to bake treats with minimal effort and ingredients most allergy free and gluten free mixes usually just omit one or two allergens at most so it s great to see a mix created without many of the most common allergens note these still have soy and corn we consume these on a regular basis and have been doing so for years,grocery,"the cravings place chocolate chunk cookie mix 23 ounce bags pack of 6 the cravings place chocolate chunk cookie mix 23 ounce bags pack of 6 the cravings place chocolate chunk cookie mix 23 ounce bags pack of 6 ""grocery"" grocery as a family allergic to wheat dairy eggs nuts and several other things we love the entire cravings place line of products as it allows us to bake treats with minimal effort and ingredients most allerg",0.75
grocery_200,mauna loa macadamias 11 ounce packages,"""grocery""",1.0,0.0,,,my favorite nut creamy crunchy salty and slightly sweet what more could you ask for,grocery,"mauna loa macadamias 11 ounce packages mauna loa macadamias 11 ounce packages mauna loa macadamias 11 ounce packages ""grocery"" grocery my favorite nut creamy crunchy salty and slightly sweet what more could you ask for",0.75
grocery_201,organic matcha green tea powder 100 pure matcha no sugar added unsweetened pure green tea no coloring added like others 4oz,"""grocery""",1.0,0.0,,,this green tea tastes so good my girlfriend loves it too,grocery,"organic matcha green tea powder 100 pure matcha no sugar added unsweetened pure green tea no coloring added like others 4oz organic matcha green tea powder 100 pure matcha no sugar added unsweetened pure green tea no coloring added like others 4oz organic matcha green tea powder 100 pure matcha no sugar added unsweetened pure green tea no coloring added like others 4oz ""grocery"" grocery this green tea tastes so good my girlfriend loves it too",0.75
grocery_202,15oz raspberry lyons designer dessert syrup sauce,"""grocery""",1.0,0.0,,,i love melissa s brand but this is a great second when i can t get melissa s brand,grocery,"15oz raspberry lyons designer dessert syrup sauce 15oz raspberry lyons designer dessert syrup sauce 15oz raspberry lyons designer dessert syrup sauce ""grocery"" grocery i love melissa s brand but this is a great second when i can t get melissa s brand",0.75
grocery_203,stride spark kinetic fruit sugar free gum 14 count pack of 12,"""grocery""",1.0,0.0,,,good,grocery,"stride spark kinetic fruit sugar free gum 14 count pack of 12 stride spark kinetic fruit sugar free gum 14 count pack of 12 stride spark kinetic fruit sugar free gum 14 count pack of 12 ""grocery"" grocery good",0.75
grocery_204,herr s popcorn hot cheese 1 oz pack of 30,"""grocery""",0.0,0.0,,,the popcorn was stale,grocery,"herr s popcorn hot cheese 1 oz pack of 30 herr s popcorn hot cheese 1 oz pack of 30 herr s popcorn hot cheese 1 oz pack of 30 ""grocery"" grocery the popcorn was stale",0.25
grocery_205,larabar uber 1 42 ounce pack of 15,"""grocery""",1.0,0.0,,,love these bars but have to watch out for the fat and sugar grams,grocery,"larabar uber 1 42 ounce pack of 15 larabar uber 1 42 ounce pack of 15 larabar uber 1 42 ounce pack of 15 ""grocery"" grocery love these bars but have to watch out for the fat and sugar grams",0.75
grocery_206,shirakiku soba noodles 7 16 ounce,"""grocery""",1.0,0.0,,,love the taste but the price was too high and it doesn t come in a 6 or 12 pack,grocery,"shirakiku soba noodles 7 16 ounce shirakiku soba noodles 7 16 ounce shirakiku soba noodles 7 16 ounce ""grocery"" grocery love the taste but the price was too high and it doesn t come in a 6 or 12 pack",0.75
grocery_207,jif chocolate nut butter almond granola bars 5 count pack,"""grocery""",1.0,0.0,,,i m a member of the crowdtap jif program and jif sent me a sample of its jif bars to try and review and my family and i loved them great peanut butter taste and so easy to take with you whenever you need a great snack,grocery,"jif chocolate nut butter almond granola bars 5 count pack jif chocolate nut butter almond granola bars 5 count pack jif chocolate nut butter almond granola bars 5 count pack ""grocery"" grocery i m a member of the crowdtap jif program and jif sent me a sample of its jif bars to try and review and my family and i loved them great peanut butter taste and so easy to take with you whenever you n",0.75
grocery_208,orgain organic plant based protein powder packaging may vary,"""grocery""",0.0,0.0,,,used to be a decent product disgusting now and difficult on digestion all 3 purchased from costco over past couple months end in same result open the container and it smells like rancid oil something not right about how they are making processing this powder now will not buy again,grocery,"orgain organic plant based protein powder packaging may vary orgain organic plant based protein powder packaging may vary orgain organic plant based protein powder packaging may vary ""grocery"" grocery used to be a decent product disgusting now and difficult on digestion all 3 purchased from costco over past couple months end in same result open the container and it smells like rancid oil something ",0.25
grocery_209,bragg all natural liquid aminos all purpose seasoning spray,"""grocery""",1.0,0.0,,,i cannot tell the difference in taste between soy sauce and these bragg liquid aminos i m glad i bought the small spray bottle of it so that i can have better control of how much i use as it is powerful stuff since i m watching my sodium intake i like to make my own stir fry dishes and can still enjoy that 34 soy sauce 34 flavor enhancer without overdoing it it s pretty good also on a home cooked burger and beef steak slather melted butter on top of the cooked meat before serving give it a quick spray of aminos a few grinds of black pepper and enjoy,grocery,"bragg all natural liquid aminos all purpose seasoning spray bragg all natural liquid aminos all purpose seasoning spray bragg all natural liquid aminos all purpose seasoning spray ""grocery"" grocery i cannot tell the difference in taste between soy sauce and these bragg liquid aminos i m glad i bought the small spray bottle of it so that i can have better control of how much i use as it is powerf",0.75
grocery_210,wholesome sweeteners organic coconut palm sugar,"""grocery""",1.0,0.0,,,good flavor and seems concentrate enough to add a little more sweet that the other one i have,grocery,"wholesome sweeteners organic coconut palm sugar wholesome sweeteners organic coconut palm sugar wholesome sweeteners organic coconut palm sugar ""grocery"" grocery good flavor and seems concentrate enough to add a little more sweet that the other one i have",0.75
grocery_211,kadoya pure sesame oil 11 fluid ounce,"""grocery""",1.0,0.0,,,great to use in recipes,grocery,"kadoya pure sesame oil 11 fluid ounce kadoya pure sesame oil 11 fluid ounce kadoya pure sesame oil 11 fluid ounce ""grocery"" grocery great to use in recipes",0.75
grocery_212,nishiki premium brown rice 15 pounds bag,"""grocery""",1.0,0.0,,,it s rice have enough to last for months,grocery,"nishiki premium brown rice 15 pounds bag nishiki premium brown rice 15 pounds bag nishiki premium brown rice 15 pounds bag ""grocery"" grocery it s rice have enough to last for months",0.75
grocery_213,everly passion fruit green tea all natural powdered drink mix 36 ct sugar free zero calorie healthy water enhancer,"""grocery""",1.0,0.0,,,very good tasting and a great way to get away from the sugar,grocery,"everly passion fruit green tea all natural powdered drink mix 36 ct sugar free zero calorie healthy water enhancer everly passion fruit green tea all natural powdered drink mix 36 ct sugar free zero calorie healthy water enhancer everly passion fruit green tea all natural powdered drink mix 36 ct sugar free zero calorie healthy water enhancer ""grocery"" grocery very good tasting and a great way to get away from the sugar",0.75
grocery_214,charms blue razzberry blow pops lollipops quantity 48,"""grocery""",1.0,0.0,,,they were perfect and came right on time,grocery,"charms blue razzberry blow pops lollipops quantity 48 charms blue razzberry blow pops lollipops quantity 48 charms blue razzberry blow pops lollipops quantity 48 ""grocery"" grocery they were perfect and came right on time",0.75
grocery_215,food should taste good real good bar gluten free macadamia chai 15 count,"""grocery""",1.0,0.0,,,wow these are sooooooo good and i am not a sweet tooth so full of nuts and very addicting,grocery,"food should taste good real good bar gluten free macadamia chai 15 count food should taste good real good bar gluten free macadamia chai 15 count food should taste good real good bar gluten free macadamia chai 15 count ""grocery"" grocery wow these are sooooooo good and i am not a sweet tooth so full of nuts and very addicting",0.75
grocery_216,skippy creamy peanut butter with salted caramel 15oz pack of 4,"""grocery""",0.0,0.0,,,i bought this from a local super market on a whim and decided to let people know how it tastes i m a huge fan of peanut butter and salted caramel for instance i had a salted caramel and almond kind bar today and it was amazing it tasted like you would expect it to taste however this particular product tastes like a chemical spill it starts off with a peanut butter taste but then the caramel i m guessing tastes kind of burnt and chemical like and then it finishes with a very salty burnt taste i had some on a spoon and disliked it then i put some on pretzel bread and it was slightly palatable but overall i would avoid this product as it doesn t really taste like salted caramel peanut butter just for fun i let my co workers taste it and only 1 out of 5 of them thought that this product tasted 34 okay 34 the rest of them shared my sentiment,grocery,"skippy creamy peanut butter with salted caramel 15oz pack of 4 skippy creamy peanut butter with salted caramel 15oz pack of 4 skippy creamy peanut butter with salted caramel 15oz pack of 4 ""grocery"" grocery i bought this from a local super market on a whim and decided to let people know how it tastes i m a huge fan of peanut butter and salted caramel for instance i had a salted caramel and almond kind ba",0.25
grocery_217,celestial seasonings tropical fruit cool brew herbal tea bags 40 ct,"""grocery""",1.0,0.0,,,i love this tea it s delicious and since it is cool brew i don t have to put on a kettle or boil water them waste ice trying to cool down my tea for summer time also when i m on the go i can stick a bag into a water bottle i get out of the refrigerator and go out the door,grocery,"celestial seasonings tropical fruit cool brew herbal tea bags 40 ct celestial seasonings tropical fruit cool brew herbal tea bags 40 ct celestial seasonings tropical fruit cool brew herbal tea bags 40 ct ""grocery"" grocery i love this tea it s delicious and since it is cool brew i don t have to put on a kettle or boil water them waste ice trying to cool down my tea for summer time also when i m on the go i can stick a b",0.75
grocery_218,nutiva organic virgin coconut oil 15 ounce,"""grocery""",1.0,0.0,,,i have used servo different brands of coconut oil and this is by the best it wasn t gritty like most and very smooth i really like that you can subscribe to purchase it monthly one thing i know that is a little bit of coconut oil goes a long way we use coconut oil for lotion and also for our dog it has many uses and i enjoy this brand best definitely will purchase it again and again,grocery,"nutiva organic virgin coconut oil 15 ounce nutiva organic virgin coconut oil 15 ounce nutiva organic virgin coconut oil 15 ounce ""grocery"" grocery i have used servo different brands of coconut oil and this is by the best it wasn t gritty like most and very smooth i really like that you can subscribe to purchase it monthly one thing i know that i",0.75
grocery_219,abbaye de flavigny orange anise and violet flavored candies from france 3 pack 3x1 75oz,"""grocery""",1.0,0.0,,,taste as remembered like them a lot,grocery,"abbaye de flavigny orange anise and violet flavored candies from france 3 pack 3x1 75oz abbaye de flavigny orange anise and violet flavored candies from france 3 pack 3x1 75oz abbaye de flavigny orange anise and violet flavored candies from france 3 pack 3x1 75oz ""grocery"" grocery taste as remembered like them a lot",0.75
grocery_220,underberg bitter herb 3pk,"""grocery""",1.0,0.0,,,love this stuff,grocery,"underberg bitter herb 3pk underberg bitter herb 3pk underberg bitter herb 3pk ""grocery"" grocery love this stuff",0.75
grocery_221,hershey s halloween assortment snack size assortment bag,"""grocery""",1.0,0.0,,,this is a variety of candy for halloween to hand out the kids love it just need to buy at least 2 3 bags because one won t be enough for all the kids especially in my neighborhood there are a lot of children that go trick or treating with their parents,grocery,"hershey s halloween assortment snack size assortment bag hershey s halloween assortment snack size assortment bag hershey s halloween assortment snack size assortment bag ""grocery"" grocery this is a variety of candy for halloween to hand out the kids love it just need to buy at least 2 3 bags because one won t be enough for all the kids especially in my neighborhood there are a lot of c",0.75
grocery_222,keebler town house pita crackers 9 5 ounce,"""grocery""",0.0,0.0,,,not craze about these nothing really wrong with them just no into them these crackers are small so not much room for cheese,grocery,"keebler town house pita crackers 9 5 ounce keebler town house pita crackers 9 5 ounce keebler town house pita crackers 9 5 ounce ""grocery"" grocery not craze about these nothing really wrong with them just no into them these crackers are small so not much room for cheese",0.25
grocery_223,knorr dill herbs salad dressing salat kroenung pack of 4 x 5 pcs ea,"""grocery""",1.0,0.0,,,we love it it gives our favorite salads a taste of bavaria,grocery,"knorr dill herbs salad dressing salat kroenung pack of 4 x 5 pcs ea knorr dill herbs salad dressing salat kroenung pack of 4 x 5 pcs ea knorr dill herbs salad dressing salat kroenung pack of 4 x 5 pcs ea ""grocery"" grocery we love it it gives our favorite salads a taste of bavaria",0.75
grocery_224,monin sugar free triple sec o free sugar free calorie free 33 8 ounce plastic bottle 1 liter bottle,"""grocery""",1.0,0.0,,,a very large bottle i got it to make coronarita s and it was great,grocery,"monin sugar free triple sec o free sugar free calorie free 33 8 ounce plastic bottle 1 liter bottle monin sugar free triple sec o free sugar free calorie free 33 8 ounce plastic bottle 1 liter bottle monin sugar free triple sec o free sugar free calorie free 33 8 ounce plastic bottle 1 liter bottle ""grocery"" grocery a very large bottle i got it to make coronarita s and it was great",0.75
grocery_225,eclipse sugar free gum spearmint 120 piece bottle,"""grocery""",0.0,0.0,,,it s gum,grocery,"eclipse sugar free gum spearmint 120 piece bottle eclipse sugar free gum spearmint 120 piece bottle eclipse sugar free gum spearmint 120 piece bottle ""grocery"" grocery it s gum",0.25
grocery_226,angostura bitters 4 oz,"""grocery""",1.0,0.0,,,it works well for nagging sensations in the stomach,grocery,"angostura bitters 4 oz angostura bitters 4 oz angostura bitters 4 oz ""grocery"" grocery it works well for nagging sensations in the stomach",0.75
grocery_227,green mountain dark magic decaf extra bold 4 boxes of 24 k cups,"""grocery""",1.0,0.0,,,good dark roast flavor,grocery,"green mountain dark magic decaf extra bold 4 boxes of 24 k cups green mountain dark magic decaf extra bold 4 boxes of 24 k cups green mountain dark magic decaf extra bold 4 boxes of 24 k cups ""grocery"" grocery good dark roast flavor",0.75
grocery_228,nespresso originalline capsules variety 100 count not compatible with vertuoline machines,"""grocery""",1.0,0.0,,,absolutely love these coffee samples,grocery,"nespresso originalline capsules variety 100 count not compatible with vertuoline machines nespresso originalline capsules variety 100 count not compatible with vertuoline machines nespresso originalline capsules variety 100 count not compatible with vertuoline machines ""grocery"" grocery absolutely love these coffee samples",0.75
grocery_229,blk premium alkaline water infused with fulvic trace 16 9 ounce bottles pack of 24,"""grocery""",1.0,0.0,,,i don t know what kind of water these people drink but it tastes exactly like water lol it s a no brainier and i read review saying it is bad for thyroid what please explain that,grocery,"blk premium alkaline water infused with fulvic trace 16 9 ounce bottles pack of 24 blk premium alkaline water infused with fulvic trace 16 9 ounce bottles pack of 24 blk premium alkaline water infused with fulvic trace 16 9 ounce bottles pack of 24 ""grocery"" grocery i don t know what kind of water these people drink but it tastes exactly like water lol it s a no brainier and i read review saying it is bad for thyroid what please explain that",0.75
grocery_230,revolution tea dragon eye oolong tea 30 count,"""grocery""",1.0,0.0,,,good choice,grocery,"revolution tea dragon eye oolong tea 30 count revolution tea dragon eye oolong tea 30 count revolution tea dragon eye oolong tea 30 count ""grocery"" grocery good choice",0.75
grocery_231,cirio italian crushed tomatoes 13 76 ounce pack of 16,"""grocery""",1.0,0.0,,,never will buy any other tomato product again cirio are the best tomato product i ve used,grocery,"cirio italian crushed tomatoes 13 76 ounce pack of 16 cirio italian crushed tomatoes 13 76 ounce pack of 16 cirio italian crushed tomatoes 13 76 ounce pack of 16 ""grocery"" grocery never will buy any other tomato product again cirio are the best tomato product i ve used",0.75
grocery_232,pringles variety pack potato chips,"""grocery""",1.0,0.0,,,i love pringles the original one s my favorite these snack sized pringles are perfect,grocery,"pringles variety pack potato chips pringles variety pack potato chips pringles variety pack potato chips ""grocery"" grocery i love pringles the original one s my favorite these snack sized pringles are perfect",0.75
grocery_233,vegemite 220g two pack with amazon prime australian import,"""grocery""",1.0,0.0,,,an australian friend acquainted me with vegemite 30 years ago now i can get it on amazon it tastes as great as ever on a toasted muffin or a bagel,grocery,"vegemite 220g two pack with amazon prime australian import vegemite 220g two pack with amazon prime australian import vegemite 220g two pack with amazon prime australian import ""grocery"" grocery an australian friend acquainted me with vegemite 30 years ago now i can get it on amazon it tastes as great as ever on a toasted muffin or a bagel",0.75
grocery_234,golden island natural style pork jerky korean barbecue recipe,"""grocery""",0.0,0.0,,,the flavor did remind me of korean bulgogi but not in a good way these are just ok nothing great,grocery,"golden island natural style pork jerky korean barbecue recipe golden island natural style pork jerky korean barbecue recipe golden island natural style pork jerky korean barbecue recipe ""grocery"" grocery the flavor did remind me of korean bulgogi but not in a good way these are just ok nothing great",0.25
grocery_235,terrasoul superfoods wheat grass juice powder organic,"""grocery""",1.0,0.0,,,soon to tell but this wheat grass so far hasn t upset my stomach like another brand this product is gluten free and organic must haves for me arrived as promised i trust this brand,grocery,"terrasoul superfoods wheat grass juice powder organic terrasoul superfoods wheat grass juice powder organic terrasoul superfoods wheat grass juice powder organic ""grocery"" grocery soon to tell but this wheat grass so far hasn t upset my stomach like another brand this product is gluten free and organic must haves for me arrived as promised i trust this brand",0.75
grocery_236,house foods wasabi powder super hot 2 2 pound,"""grocery""",1.0,0.0,,,really hot for wasabi,grocery,"house foods wasabi powder super hot 2 2 pound house foods wasabi powder super hot 2 2 pound house foods wasabi powder super hot 2 2 pound ""grocery"" grocery really hot for wasabi",0.75
grocery_237,brew save carafe filter keurig 2 0 multi cup brewer compatible orange,"""grocery""",0.0,0.0,,,there are no instructions to say to make sure it is lined up properly with your machine or it will make holes in the bottom mesh i learned after holes appeared,grocery,"brew save carafe filter keurig 2 0 multi cup brewer compatible orange brew save carafe filter keurig 2 0 multi cup brewer compatible orange brew save carafe filter keurig 2 0 multi cup brewer compatible orange ""grocery"" grocery there are no instructions to say to make sure it is lined up properly with your machine or it will make holes in the bottom mesh i learned after holes appeared",0.25
grocery_238,lifesavers hard wint o green,"""grocery""",1.0,0.0,,,lifesavers brand has been around for a long long time i can remember that when i was just a kid my grandfather always carried either a roll of the wint o green or peppermint lifesavers in one of his business suit fob pockets if he knew i would be visiting him and gram at the farm he d hide a roll of the fruit flavored lifesavers in one of the small chest pockets of his bib overalls for me to find what a treat to this day when i eat any one of these mints fond memories of my grandfather and good times at the farm come flooding back the mints have a long lasting flavor that leaves my mouth feeling fresh and cool i buy these large bags at walmart all the time for six dollars ninety eight a bag so not too sure why they are so pricey here,grocery,"lifesavers hard wint o green lifesavers hard wint o green lifesavers hard wint o green ""grocery"" grocery lifesavers brand has been around for a long long time i can remember that when i was just a kid my grandfather always carried either a roll of the wint o green or peppermint lifesavers in one of his b",0.75
grocery_239,amoretti premium syrup pineapple 25 4 ounce,"""grocery""",0.0,0.0,,,this product is beautifully labelled that s about all there is to it the actual taste is not consistent with the flavor the label claims to represent just a very pretty bottle the good news is that the failure of this product to meet my expectation served as the impetus for me to make my own syrups real fruit juice sugar,grocery,"amoretti premium syrup pineapple 25 4 ounce amoretti premium syrup pineapple 25 4 ounce amoretti premium syrup pineapple 25 4 ounce ""grocery"" grocery this product is beautifully labelled that s about all there is to it the actual taste is not consistent with the flavor the label claims to represent just a very pretty bottle the good news is that th",0.25
grocery_240,simple girl carolina style bbq sauce 12oz sugar free low calorie diabetic vegan friendly gluten fat msg free compatible with most diet plans,"""grocery""",0.0,0.0,,,ok but not enough bbq flavor,grocery,"simple girl carolina style bbq sauce 12oz sugar free low calorie diabetic vegan friendly gluten fat msg free compatible with most diet plans simple girl carolina style bbq sauce 12oz sugar free low calorie diabetic vegan friendly gluten fat msg free compatible with most diet plans simple girl carolina style bbq sauce 12oz sugar free low calorie diabetic vegan friendly gluten fat msg free compatible with most diet plans ""grocery"" grocery ok but not enough bbq flavor",0.25
grocery_241,lenny larry s the complete cookie peanut butter 4 ounce cookies pack of 12,"""grocery""",1.0,0.0,,,excellent taste very soft,grocery,"lenny larry s the complete cookie peanut butter 4 ounce cookies pack of 12 lenny larry s the complete cookie peanut butter 4 ounce cookies pack of 12 lenny larry s the complete cookie peanut butter 4 ounce cookies pack of 12 ""grocery"" grocery excellent taste very soft",0.75
grocery_242,darkwing duck,"""grocery""",1.0,0.0,,,it came in perfect condition,grocery,"darkwing duck darkwing duck darkwing duck ""grocery"" grocery it came in perfect condition",0.75
grocery_243,organic cotton candy pack of 4,"""grocery""",1.0,0.0,,,my kids and i are completely obsessed with cotton candy however the majority of the cotton candy on the market is not organic so when i discovered this organic cotton candy from spun paradise cotton candy co i knew that we had to give it a try imagine delicious flavored cotton candy but organic hooray my cotton candy package arrived quickly to my home and was in perfect condition in the very nice plastic containers i am always iffy about ordering food through the mail however this cotton candy was perfect not melted or damaged in any way we ordered 4 different flavors and had to immediately try each and every one the watermelon quite tasty and didn t taste artificial at all but yummy and very true to flavor i also found that this cotton candy doesn t just melt away like typical cheapie cotton candy tends to it melts nicely in the mouth and is absolutely delicious i will never ever ever go back to the average run of the mill cotton candy and will definitely be repurchasing from spun paradise in the future i received this product at no cost to me and have provided my honest and unbiased review in return,grocery,"organic cotton candy pack of 4 organic cotton candy pack of 4 organic cotton candy pack of 4 ""grocery"" grocery my kids and i are completely obsessed with cotton candy however the majority of the cotton candy on the market is not organic so when i discovered this organic cotton candy from spun paradise cotton c",0.75
grocery_244,freezer bars kool pops assorted box of 20 1 5 oz pops,"""grocery""",1.0,0.0,,,great product,grocery,"freezer bars kool pops assorted box of 20 1 5 oz pops freezer bars kool pops assorted box of 20 1 5 oz pops freezer bars kool pops assorted box of 20 1 5 oz pops ""grocery"" grocery great product",0.75
grocery_245,kava instant coffee,"""grocery""",1.0,0.0,,,this is the only instant coffee i drink good flavor a little less acid to make my tummy happy i ve been drinking this for over 10 years it tastes almost as good as regular brewed coffee,grocery,"kava instant coffee kava instant coffee kava instant coffee ""grocery"" grocery this is the only instant coffee i drink good flavor a little less acid to make my tummy happy i ve been drinking this for over 10 years it tastes almost as good as regular brewed coffee",0.75
grocery_246,80pk white coffee lot co k cups organic variety pack bio degradable pods 4 flavors,"""grocery""",0.0,0.0,,,i am disappointed in this coffee it has very little flavor and i have to use the strong brewing setting on my bunn my caf to get the little taste there is i try to always by organic but this is really a waste of my money,grocery,"80pk white coffee lot co k cups organic variety pack bio degradable pods 4 flavors 80pk white coffee lot co k cups organic variety pack bio degradable pods 4 flavors 80pk white coffee lot co k cups organic variety pack bio degradable pods 4 flavors ""grocery"" grocery i am disappointed in this coffee it has very little flavor and i have to use the strong brewing setting on my bunn my caf to get the little taste there is i try to always by organic but this is really",0.25
grocery_247,stash tea holiday tea assortment,"""grocery""",1.0,0.0,,,this tea is great i enjoyed each flavor,grocery,"stash tea holiday tea assortment stash tea holiday tea assortment stash tea holiday tea assortment ""grocery"" grocery this tea is great i enjoyed each flavor",0.75
grocery_248,good earth teas organic sweet and spicy caffeine free herbal 18 tea bags 4 count,"""grocery""",1.0,0.0,,,this is my go to tea for cold winter nights,grocery,"good earth teas organic sweet and spicy caffeine free herbal 18 tea bags 4 count good earth teas organic sweet and spicy caffeine free herbal 18 tea bags 4 count good earth teas organic sweet and spicy caffeine free herbal 18 tea bags 4 count ""grocery"" grocery this is my go to tea for cold winter nights",0.75
grocery_249,copper moon kona blend single cup pod,"""grocery""",1.0,0.0,,,husband likes,grocery,"copper moon kona blend single cup pod copper moon kona blend single cup pod copper moon kona blend single cup pod ""grocery"" grocery husband likes",0.75
grocery_250,organic ceylon cinnamon ground powder 1 lb,"""grocery""",1.0,0.0,,,it might take me 34 forever 34 to use this bag but it tastes great it has more of a 34 peppery like 34 taste compared to cinnamon that you buy in the store and is not as sweet,grocery,"organic ceylon cinnamon ground powder 1 lb organic ceylon cinnamon ground powder 1 lb organic ceylon cinnamon ground powder 1 lb ""grocery"" grocery it might take me 34 forever 34 to use this bag but it tastes great it has more of a 34 peppery like 34 taste compared to cinnamon that you buy in the store and is not as sweet",0.75
grocery_251,yuban organic ground coffee medium roast 11 ounce canister,"""grocery""",0.0,0.0,,,much cheaper in the grocery store and the organic brand is not much better tasting,grocery,"yuban organic ground coffee medium roast 11 ounce canister yuban organic ground coffee medium roast 11 ounce canister yuban organic ground coffee medium roast 11 ounce canister ""grocery"" grocery much cheaper in the grocery store and the organic brand is not much better tasting",0.25
grocery_252,blue plate mayonnaise,"""grocery""",1.0,0.0,,,great i have to import this to any area in the country where i am living that doesn t carry it and i think that s most of the us,grocery,"blue plate mayonnaise blue plate mayonnaise blue plate mayonnaise ""grocery"" grocery great i have to import this to any area in the country where i am living that doesn t carry it and i think that s most of the us",0.75
grocery_253,monster energy drink,"""grocery""",1.0,0.0,,,love this stuff,grocery,"monster energy drink monster energy drink monster energy drink ""grocery"" grocery love this stuff",0.75
grocery_254,sweet leaf liq stevia peppermnt flav 2 fz,"""grocery""",1.0,0.0,,,great product as usual the mint has a stronger bite not as subtle as others but that s my preference,grocery,"sweet leaf liq stevia peppermnt flav 2 fz sweet leaf liq stevia peppermnt flav 2 fz sweet leaf liq stevia peppermnt flav 2 fz ""grocery"" grocery great product as usual the mint has a stronger bite not as subtle as others but that s my preference",0.75
grocery_255,cakeshop 12 x pre cut lego movie stand up edible cake toppers,"""grocery""",1.0,0.0,,,used it on my son s birthday cake,grocery,"cakeshop 12 x pre cut lego movie stand up edible cake toppers cakeshop 12 x pre cut lego movie stand up edible cake toppers cakeshop 12 x pre cut lego movie stand up edible cake toppers ""grocery"" grocery used it on my son s birthday cake",0.75
grocery_256,great lakes gelatin certified paleo friendly keto certified collagen hydrolysate peptides pasture raised grass fed non gmo 16 oz ffp,"""grocery""",1.0,0.0,,,easy to use hardly any taste,grocery,"great lakes gelatin certified paleo friendly keto certified collagen hydrolysate peptides pasture raised grass fed non gmo 16 oz ffp great lakes gelatin certified paleo friendly keto certified collagen hydrolysate peptides pasture raised grass fed non gmo 16 oz ffp great lakes gelatin certified paleo friendly keto certified collagen hydrolysate peptides pasture raised grass fed non gmo 16 oz ffp ""grocery"" grocery easy to use hardly any taste",0.75
grocery_257,cafe britt costa rica organic shade grown ground coffee 12 ounce bags pack of 2,"""grocery""",1.0,0.0,,,delicious smooth bitter free coffee,grocery,"cafe britt costa rica organic shade grown ground coffee 12 ounce bags pack of 2 cafe britt costa rica organic shade grown ground coffee 12 ounce bags pack of 2 cafe britt costa rica organic shade grown ground coffee 12 ounce bags pack of 2 ""grocery"" grocery delicious smooth bitter free coffee",0.75
grocery_258,katz gluten free donuts,"""grocery""",0.0,0.0,,,just okay,grocery,"katz gluten free donuts katz gluten free donuts katz gluten free donuts ""grocery"" grocery just okay",0.25
grocery_259,miso cup soup with seaweed 2 serving envelopes pack of 24,"""grocery""",1.0,0.0,,,perfect and easy healthy soup mix,grocery,"miso cup soup with seaweed 2 serving envelopes pack of 24 miso cup soup with seaweed 2 serving envelopes pack of 24 miso cup soup with seaweed 2 serving envelopes pack of 24 ""grocery"" grocery perfect and easy healthy soup mix",0.75
grocery_260,royal family japanese rice cake mochi daifuku red bean 7 4 ounce,"""grocery""",1.0,0.0,,,very delicious will be getting more in the future,grocery,"royal family japanese rice cake mochi daifuku red bean 7 4 ounce royal family japanese rice cake mochi daifuku red bean 7 4 ounce royal family japanese rice cake mochi daifuku red bean 7 4 ounce ""grocery"" grocery very delicious will be getting more in the future",0.75
grocery_261,30 pack variety flavored coffee sampler k cup for keurig k cup brewers and 2 0 brewers from top brand names green mountain folgers van houtte gloria jean s timothy s and starbucks,"""grocery""",1.0,0.0,,,super,grocery,"30 pack variety flavored coffee sampler k cup for keurig k cup brewers and 2 0 brewers from top brand names green mountain folgers van houtte gloria jean s timothy s and starbucks 30 pack variety flavored coffee sampler k cup for keurig k cup brewers and 2 0 brewers from top brand names green mountain folgers van houtte gloria jean s timothy s and starbucks 30 pack variety flavored coffee sampler k cup for keurig k cup brewers and 2 0 brewers from top brand names green mountain folgers van houtte gloria jean s timothy s and starbucks ""grocery"" grocery super",0.75
grocery_262,mccafe coffee on demand single serve french dark roast coffee,"""grocery""",1.0,0.0,,,love this coffee,grocery,"mccafe coffee on demand single serve french dark roast coffee mccafe coffee on demand single serve french dark roast coffee mccafe coffee on demand single serve french dark roast coffee ""grocery"" grocery love this coffee",0.75
grocery_263,carrington farms organic extra virgin coconut oil,"""grocery""",1.0,0.0,,,this is really good coconut oil i use it to cook with and as a supplement to my diet it is also very good for blemishes,grocery,"carrington farms organic extra virgin coconut oil carrington farms organic extra virgin coconut oil carrington farms organic extra virgin coconut oil ""grocery"" grocery this is really good coconut oil i use it to cook with and as a supplement to my diet it is also very good for blemishes",0.75
grocery_264,donut house coffee collection green mountain coffee k cup portion pack for keurig k cup brewers,"""grocery""",1.0,0.0,,,great coffee,grocery,"donut house coffee collection green mountain coffee k cup portion pack for keurig k cup brewers donut house coffee collection green mountain coffee k cup portion pack for keurig k cup brewers donut house coffee collection green mountain coffee k cup portion pack for keurig k cup brewers ""grocery"" grocery great coffee",0.75
grocery_265,ben s sweet hot mustard all natural no preservatives award winning mustard 16oz,"""grocery""",1.0,0.0,,,what a great mustard just like it says its sweet and a little hot,grocery,"ben s sweet hot mustard all natural no preservatives award winning mustard 16oz ben s sweet hot mustard all natural no preservatives award winning mustard 16oz ben s sweet hot mustard all natural no preservatives award winning mustard 16oz ""grocery"" grocery what a great mustard just like it says its sweet and a little hot",0.75
grocery_266,krispy kreme glazed chocolate pies 6 individually boxed single serving pies,"""grocery""",1.0,0.0,,,i m not a fan of pies and sweets but these are yummy i always eat one on my cheat day,grocery,"krispy kreme glazed chocolate pies 6 individually boxed single serving pies krispy kreme glazed chocolate pies 6 individually boxed single serving pies krispy kreme glazed chocolate pies 6 individually boxed single serving pies ""grocery"" grocery i m not a fan of pies and sweets but these are yummy i always eat one on my cheat day",0.75
grocery_267,rainbow research henna hair col original and conditioner persian medium brown chestnut 4 oz packaging may vary,"""grocery""",1.0,0.0,,,finally i found an all natural way to dye my hair glad to use it,grocery,"rainbow research henna hair col original and conditioner persian medium brown chestnut 4 oz packaging may vary rainbow research henna hair col original and conditioner persian medium brown chestnut 4 oz packaging may vary rainbow research henna hair col original and conditioner persian medium brown chestnut 4 oz packaging may vary ""grocery"" grocery finally i found an all natural way to dye my hair glad to use it",0.75
grocery_268,celestial perfect iced tea southern sweet keurig k cups,"""grocery""",1.0,0.0,,,i was expecting 34 southern 34 sweetness from this tea it doesn t t live up to that southern descriptor in my opinion however it is a very good tea and if u add a little sweeter you re golden,grocery,"celestial perfect iced tea southern sweet keurig k cups celestial perfect iced tea southern sweet keurig k cups celestial perfect iced tea southern sweet keurig k cups ""grocery"" grocery i was expecting 34 southern 34 sweetness from this tea it doesn t t live up to that southern descriptor in my opinion however it is a very good tea and if u add a little sweeter you re golden",0.75
grocery_269,planters original peanut bar 24 count,"""grocery""",1.0,0.0,,,peanut bars arrived promptly and were delicious and fresh,grocery,"planters original peanut bar 24 count planters original peanut bar 24 count planters original peanut bar 24 count ""grocery"" grocery peanut bars arrived promptly and were delicious and fresh",0.75
grocery_270,claey s candies lemon drop hard candy 6 package deal,"""grocery""",1.0,0.0,,,great product great value,grocery,"claey s candies lemon drop hard candy 6 package deal claey s candies lemon drop hard candy 6 package deal claey s candies lemon drop hard candy 6 package deal ""grocery"" grocery great product great value",0.75
grocery_271,sorbee sugar free assorted wild fruit lollypops candy 1 lb,"""grocery""",0.0,0.0,,,these are really delish they don t just taste like sugar they have real flavor but i had to deduct two stars for 1 the artificial sweetener used upsets my stomach not splenda the other sweetener they use 2 these are way too expensive don t think i ll be ordering again unless the price comes down,grocery,"sorbee sugar free assorted wild fruit lollypops candy 1 lb sorbee sugar free assorted wild fruit lollypops candy 1 lb sorbee sugar free assorted wild fruit lollypops candy 1 lb ""grocery"" grocery these are really delish they don t just taste like sugar they have real flavor but i had to deduct two stars for 1 the artificial sweetener used upsets my stomach not splenda the other sweetener they ",0.25
grocery_272,lavazza caffe espresso ground coffee,"""grocery""",1.0,0.0,,,great coffee,grocery,"lavazza caffe espresso ground coffee lavazza caffe espresso ground coffee lavazza caffe espresso ground coffee ""grocery"" grocery great coffee",0.75
grocery_273,v8 v fusion peach mango flavored vegetable fruit juice energy 8 oz 6pk case of 2,"""grocery""",1.0,0.0,,,who knew you could enjoy an energy drink for breakfast i received this product to try and review from bzzagent com i love the taste of this v8 v fusion energy you can taste both the peach and the mango and the combination is delicious it is not as sweet as fruit juice the drink contains 50 juice and and also green tea there is no added sugar which is a selling point for me as my fiance has diabetes and i try to watch my sugar intake as well there is a mild amount of caffeine in the drink which i prefer as too much caffeine makes me jittery v8 v fusion energy has just enough to get you through a busy morning i would definitely recommend it,grocery,"v8 v fusion peach mango flavored vegetable fruit juice energy 8 oz 6pk case of 2 v8 v fusion peach mango flavored vegetable fruit juice energy 8 oz 6pk case of 2 v8 v fusion peach mango flavored vegetable fruit juice energy 8 oz 6pk case of 2 ""grocery"" grocery who knew you could enjoy an energy drink for breakfast i received this product to try and review from bzzagent com i love the taste of this v8 v fusion energy you can taste both the peach and the mang",0.75
grocery_274,valentina salsa picante mexican sauce hot 34 ounce,"""grocery""",1.0,0.0,,,my personal favorite,grocery,"valentina salsa picante mexican sauce hot 34 ounce valentina salsa picante mexican sauce hot 34 ounce valentina salsa picante mexican sauce hot 34 ounce ""grocery"" grocery my personal favorite",0.75
grocery_275,green mountain coffee lake lodge k cup for keurig brewers,"""grocery""",1.0,0.0,,,great product arrived on time,grocery,"green mountain coffee lake lodge k cup for keurig brewers green mountain coffee lake lodge k cup for keurig brewers green mountain coffee lake lodge k cup for keurig brewers ""grocery"" grocery great product arrived on time",0.75
grocery_276,natural touch kaffree roma 7 oz,"""grocery""",1.0,0.0,,,i have used kaffree roma for many years now and when my regular store stopped carrying it guess where i finally found it of course at amazon thank you amazon i can t drink regular coffee because of a health problem but this product tastes as close to regular coffee as you can get it is a great substitute for regular coffee and i highly recommend it,grocery,"natural touch kaffree roma 7 oz natural touch kaffree roma 7 oz natural touch kaffree roma 7 oz ""grocery"" grocery i have used kaffree roma for many years now and when my regular store stopped carrying it guess where i finally found it of course at amazon thank you amazon i can t drink regular coffee because of a ",0.75
grocery_277,gator hammock cooter rub,"""grocery""",1.0,0.0,,,it was good i ve had it many times before,grocery,"gator hammock cooter rub gator hammock cooter rub gator hammock cooter rub ""grocery"" grocery it was good i ve had it many times before",0.75
grocery_278,50 nespresso originalline capsules variety pack intense family not compatible with vertuoline,"""grocery""",0.0,0.0,,,dented capsules,grocery,"50 nespresso originalline capsules variety pack intense family not compatible with vertuoline 50 nespresso originalline capsules variety pack intense family not compatible with vertuoline 50 nespresso originalline capsules variety pack intense family not compatible with vertuoline ""grocery"" grocery dented capsules",0.25
grocery_279,pennant deluxe fruit cake mix 16 ounce,"""grocery""",1.0,0.0,,,the glazed fruits pieces are colorful and pieces distinct not clumped together turns out really nice and taste good in my fruitcake,grocery,"pennant deluxe fruit cake mix 16 ounce pennant deluxe fruit cake mix 16 ounce pennant deluxe fruit cake mix 16 ounce ""grocery"" grocery the glazed fruits pieces are colorful and pieces distinct not clumped together turns out really nice and taste good in my fruitcake",0.75
grocery_280,sweetleaf liquid stevia 2 ounce,"""grocery""",1.0,0.0,,,love this product it sweetens without any after taste,grocery,"sweetleaf liquid stevia 2 ounce sweetleaf liquid stevia 2 ounce sweetleaf liquid stevia 2 ounce ""grocery"" grocery love this product it sweetens without any after taste",0.75
grocery_281,torani coffee syrup variety pack vanilla caramel hazelnut 3 count 25 4 ounce bottles,"""grocery""",1.0,0.0,,,i loves these because you need very little to have the flavor,grocery,"torani coffee syrup variety pack vanilla caramel hazelnut 3 count 25 4 ounce bottles torani coffee syrup variety pack vanilla caramel hazelnut 3 count 25 4 ounce bottles torani coffee syrup variety pack vanilla caramel hazelnut 3 count 25 4 ounce bottles ""grocery"" grocery i loves these because you need very little to have the flavor",0.75
grocery_282,newman s own organics organic raisins 6 0 ounce pack of 6,"""grocery""",1.0,0.0,,,these are tangy and usually soft enough to almost be 34 stewed 34 the way my mamma used to serve them my husband and i each enjoy 2 or 3 each evening as a dessert,grocery,"newman s own organics organic raisins 6 0 ounce pack of 6 newman s own organics organic raisins 6 0 ounce pack of 6 newman s own organics organic raisins 6 0 ounce pack of 6 ""grocery"" grocery these are tangy and usually soft enough to almost be 34 stewed 34 the way my mamma used to serve them my husband and i each enjoy 2 or 3 each evening as a dessert",0.75
grocery_283,van houtte chocolate raspberry truffle coffee light roast k cup portion pack for keurig k cup brewers 24 count pack of 2,"""grocery""",1.0,0.0,,,my absolute favorite,grocery,"van houtte chocolate raspberry truffle coffee light roast k cup portion pack for keurig k cup brewers 24 count pack of 2 van houtte chocolate raspberry truffle coffee light roast k cup portion pack for keurig k cup brewers 24 count pack of 2 van houtte chocolate raspberry truffle coffee light roast k cup portion pack for keurig k cup brewers 24 count pack of 2 ""grocery"" grocery my absolute favorite",0.75
grocery_284,all 4 you hot sauce clear glass dasher bottle empty 5 oz 12 pack,"""grocery""",1.0,0.0,,,best price i have found,grocery,"all 4 you hot sauce clear glass dasher bottle empty 5 oz 12 pack all 4 you hot sauce clear glass dasher bottle empty 5 oz 12 pack all 4 you hot sauce clear glass dasher bottle empty 5 oz 12 pack ""grocery"" grocery best price i have found",0.75
grocery_285,amy s organic refried beans,"""grocery""",1.0,0.0,,,these are fantastic tons of flavor and you ll never miss the sodium,grocery,"amy s organic refried beans amy s organic refried beans amy s organic refried beans ""grocery"" grocery these are fantastic tons of flavor and you ll never miss the sodium",0.75
grocery_286,ys organic bee farms certified organic raw honey 100 unprocessed unpasteurized kosher 32oz 2 lbs,"""grocery""",1.0,0.0,,,gonna bu more,grocery,"ys organic bee farms certified organic raw honey 100 unprocessed unpasteurized kosher 32oz 2 lbs ys organic bee farms certified organic raw honey 100 unprocessed unpasteurized kosher 32oz 2 lbs ys organic bee farms certified organic raw honey 100 unprocessed unpasteurized kosher 32oz 2 lbs ""grocery"" grocery gonna bu more",0.75
grocery_287,star anise 1lb whole chinese star anise pods,"""grocery""",1.0,0.0,,,lovely taste and came packaged very well,grocery,"star anise 1lb whole chinese star anise pods star anise 1lb whole chinese star anise pods star anise 1lb whole chinese star anise pods ""grocery"" grocery lovely taste and came packaged very well",0.75
grocery_288,pure natural miracles cacao nibs raw organic and premium criollo variety,"""grocery""",1.0,0.0,,,just as advertised,grocery,"pure natural miracles cacao nibs raw organic and premium criollo variety pure natural miracles cacao nibs raw organic and premium criollo variety pure natural miracles cacao nibs raw organic and premium criollo variety ""grocery"" grocery just as advertised",0.75
grocery_289,bali s best coffee candy individually wrapped,"""grocery""",0.0,0.0,,,candy was about the same as the other coffee candy i ve bought was good but not outstanding,grocery,"bali s best coffee candy individually wrapped bali s best coffee candy individually wrapped bali s best coffee candy individually wrapped ""grocery"" grocery candy was about the same as the other coffee candy i ve bought was good but not outstanding",0.25
grocery_290,red yeast rice,"""grocery""",1.0,0.0,,,fast shipping and good product,grocery,"red yeast rice red yeast rice red yeast rice ""grocery"" grocery fast shipping and good product",0.75
grocery_291,matcha green tea powder dual certified organic ceremonial grade 35g true japanese 1st harvest 200 years history by greenhouse superfoods 1 23oz,"""grocery""",1.0,0.0,,,i have purchased ceremonial grade matcha from three different vendors and this was by far the best of the three it isn t bitter and it has a smooth mouth feel,grocery,"matcha green tea powder dual certified organic ceremonial grade 35g true japanese 1st harvest 200 years history by greenhouse superfoods 1 23oz matcha green tea powder dual certified organic ceremonial grade 35g true japanese 1st harvest 200 years history by greenhouse superfoods 1 23oz matcha green tea powder dual certified organic ceremonial grade 35g true japanese 1st harvest 200 years history by greenhouse superfoods 1 23oz ""grocery"" grocery i have purchased ceremonial grade matcha from three different vendors and this was by far the best of the three it isn t bitter and it has a smooth mouth feel",0.75
grocery_292,emerald cocoa roast dark chocolate almonds 38 oz,"""grocery""",1.0,0.0,,,delicious,grocery,"emerald cocoa roast dark chocolate almonds 38 oz emerald cocoa roast dark chocolate almonds 38 oz emerald cocoa roast dark chocolate almonds 38 oz ""grocery"" grocery delicious",0.75
grocery_293,fiber one chewy bars oats chocolate 36 bars of 1 4 oz,"""grocery""",1.0,0.0,,,i needed more fiber in my diet and decided to try these fiber one oats and chocolate bars they satisify my need for fiber and my love of chocolate each bar is 1 4 ounces and provides 35 of your daily fiber they have 4g of fat per bar these bars are made by general mills the bars are chewy and a little crunchy they are naturally flavored some of the ingredients in the bar are semisweet chocolate chips whole grain oats barley flakes sugarcane fiber soy lecithin and milk this is a great value for this hard cardboard box this is the price that i would get if i went to sam s club these bars are regularly sold in vending machines and at convenience stores they are great snacks for the kids in between meals to take on the run to take on vacations or anytime you want something healthy to eat on the go i was very pleased with these bars and i continue to purchase them,grocery,"fiber one chewy bars oats chocolate 36 bars of 1 4 oz fiber one chewy bars oats chocolate 36 bars of 1 4 oz fiber one chewy bars oats chocolate 36 bars of 1 4 oz ""grocery"" grocery i needed more fiber in my diet and decided to try these fiber one oats and chocolate bars they satisify my need for fiber and my love of chocolate each bar is 1 4 ounces and provides 35 of your daily ",0.75
grocery_294,gerber good start infant formula sample box,"""grocery""",0.0,0.0,,,like most working moms i can t pump enough to feed my baby exclusively breast milk for these formulas i preferred the gentle version to the soothe version for our son overall these aren t my favorite formulas i felt like they caused more intestinal issues than other formulas i m still stymied why many formulas like the soothe version use complex sugars when babies should be getting most of their sugars in a simple form like they do in breast milk i know it s probably cheaper for the company but i d prefer to pay more and have a formulation closer to breast milk but this is just my opinion and this may work very well for lots of people,grocery,"gerber good start infant formula sample box gerber good start infant formula sample box gerber good start infant formula sample box ""grocery"" grocery like most working moms i can t pump enough to feed my baby exclusively breast milk for these formulas i preferred the gentle version to the soothe version for our son overall these aren t my favorite ",0.25
grocery_295,cheese wax 1 lb red,"""grocery""",1.0,0.0,,,love it,grocery,"cheese wax 1 lb red cheese wax 1 lb red cheese wax 1 lb red ""grocery"" grocery love it",0.75
grocery_296,gustaf s traditional dutch authentic double salt licorice dubble zoute drop 7 ounce tub,"""grocery""",0.0,0.0,,,not what i expected did not like it at all,grocery,"gustaf s traditional dutch authentic double salt licorice dubble zoute drop 7 ounce tub gustaf s traditional dutch authentic double salt licorice dubble zoute drop 7 ounce tub gustaf s traditional dutch authentic double salt licorice dubble zoute drop 7 ounce tub ""grocery"" grocery not what i expected did not like it at all",0.25
jewellery_297,everbling purple and clear briolette drop swarovski elements crystal earrings,"""jewelry""",1.0,0.0,,,so beautiful even tho clearly not high end but super great for price and as costume jewelry though others will have to look twice since they appear very near real very nice,jewellery,"everbling purple and clear briolette drop swarovski elements crystal earrings everbling purple and clear briolette drop swarovski elements crystal earrings everbling purple and clear briolette drop swarovski elements crystal earrings ""jewelry"" jewellery so beautiful even tho clearly not high end but super great for price and as costume jewelry though others will have to look twice since they appear very near real very nice",0.75
jewellery_298,925 sterling silver finish 6ct simulated diamond stud set,"""jewelry""",1.0,0.0,,,great product i got this set for my mother as she is allergic to bijoux probably to the nickel in some products i don t know for sure i just know that her ears get swallowed red and itchy unless is silver or gold and i m glad that this is sterling silver and still at a affordable price she never got an allergic reaction and now she wears them every day,jewellery,"925 sterling silver finish 6ct simulated diamond stud set 925 sterling silver finish 6ct simulated diamond stud set 925 sterling silver finish 6ct simulated diamond stud set ""jewelry"" jewellery great product i got this set for my mother as she is allergic to bijoux probably to the nickel in some products i don t know for sure i just know that her ears get swallowed red and itchy unless is si",0.75
jewellery_299,sterling silver circle friends forever infinity symbol pendant necklace 18,"""jewelry""",1.0,0.0,,,exactly as pictured and my daughter s friend loved it it came packaged in a nice box and i thought it looked more expensive than it was very happy with this purchase,jewellery,"sterling silver circle friends forever infinity symbol pendant necklace 18 sterling silver circle friends forever infinity symbol pendant necklace 18 sterling silver circle friends forever infinity symbol pendant necklace 18 ""jewelry"" jewellery exactly as pictured and my daughter s friend loved it it came packaged in a nice box and i thought it looked more expensive than it was very happy with this purchase",0.75
jewellery_300,surgical stainless steel domed 9mm fishbone ring wedding band comfort fit sizes 7 14,"""jewelry""",1.0,0.0,,,love it fits great super comfortable and neat idea with the fish bones that can also come out,jewellery,"surgical stainless steel domed 9mm fishbone ring wedding band comfort fit sizes 7 14 surgical stainless steel domed 9mm fishbone ring wedding band comfort fit sizes 7 14 surgical stainless steel domed 9mm fishbone ring wedding band comfort fit sizes 7 14 ""jewelry"" jewellery love it fits great super comfortable and neat idea with the fish bones that can also come out",0.75
jewellery_301,sterling silver family pendant necklace 18,"""jewelry""",1.0,0.0,,,got this as a mother s day gift for my mom and she loved it really nice quality and an interesting design,jewellery,"sterling silver family pendant necklace 18 sterling silver family pendant necklace 18 sterling silver family pendant necklace 18 ""jewelry"" jewellery got this as a mother s day gift for my mom and she loved it really nice quality and an interesting design",0.75
jewellery_302,choose your color sterling silver heart promise ring,"""jewelry""",1.0,0.0,,,i love it make me won t to get another,jewellery,"choose your color sterling silver heart promise ring choose your color sterling silver heart promise ring choose your color sterling silver heart promise ring ""jewelry"" jewellery i love it make me won t to get another",0.75
jewellery_303,metal factory 925 sterting silver plumeria cubic zirconia cz with maile leaf hawaiian flower band ring,"""jewelry""",1.0,0.0,,,true to size unique,jewellery,"metal factory 925 sterting silver plumeria cubic zirconia cz with maile leaf hawaiian flower band ring metal factory 925 sterting silver plumeria cubic zirconia cz with maile leaf hawaiian flower band ring metal factory 925 sterting silver plumeria cubic zirconia cz with maile leaf hawaiian flower band ring ""jewelry"" jewellery true to size unique",0.75
jewellery_304,niceeshop tm classic vintage champagne cross pendant with chain,"""jewelry""",1.0,0.0,,,this necklace is beautiful is a great accent to my wardrobe,jewellery,"niceeshop tm classic vintage champagne cross pendant with chain niceeshop tm classic vintage champagne cross pendant with chain niceeshop tm classic vintage champagne cross pendant with chain ""jewelry"" jewellery this necklace is beautiful is a great accent to my wardrobe",0.75
jewellery_305,genuine natural baltic amber adjustable stretch ring for women,"""jewelry""",1.0,0.0,,,just perfect,jewellery,"genuine natural baltic amber adjustable stretch ring for women genuine natural baltic amber adjustable stretch ring for women genuine natural baltic amber adjustable stretch ring for women ""jewelry"" jewellery just perfect",0.75
jewellery_306,mbox expandable antique gold tone antique sliver tone antique bronze letters wire bangle bracelet,"""jewelry""",1.0,0.0,,,love it,jewellery,"mbox expandable antique gold tone antique sliver tone antique bronze letters wire bangle bracelet mbox expandable antique gold tone antique sliver tone antique bronze letters wire bangle bracelet mbox expandable antique gold tone antique sliver tone antique bronze letters wire bangle bracelet ""jewelry"" jewellery love it",0.75
jewellery_307,set of 3 nose rings 22g sterling silver cz nose studs clear pink light purple,"""jewelry""",0.0,0.0,,,they didn t even last through the first day one of them the stone was already out when i got it the other two they both fell out that day i m sad because i really was looking forward to these,jewellery,"set of 3 nose rings 22g sterling silver cz nose studs clear pink light purple set of 3 nose rings 22g sterling silver cz nose studs clear pink light purple set of 3 nose rings 22g sterling silver cz nose studs clear pink light purple ""jewelry"" jewellery they didn t even last through the first day one of them the stone was already out when i got it the other two they both fell out that day i m sad because i really was looking forward to these",0.25
jewellery_308,3 row white a grade freshwater cultured pearl necklace 6 5 7 5mm 16 5 17 18,"""jewelry""",1.0,0.0,,,this is a real nice necklace for the price don t look for each strand to be larger diameter than the next that is not what is advertised all in all a really nice necklace,jewellery,"3 row white a grade freshwater cultured pearl necklace 6 5 7 5mm 16 5 17 18 3 row white a grade freshwater cultured pearl necklace 6 5 7 5mm 16 5 17 18 3 row white a grade freshwater cultured pearl necklace 6 5 7 5mm 16 5 17 18 ""jewelry"" jewellery this is a real nice necklace for the price don t look for each strand to be larger diameter than the next that is not what is advertised all in all a really nice necklace",0.75
jewellery_309,konov mens stainless steel ring gothic skull hand claw poker playing card black,"""jewelry""",1.0,0.0,,,this is a very comfortable ring i would definitely buy it now great ring konov,jewellery,"konov mens stainless steel ring gothic skull hand claw poker playing card black konov mens stainless steel ring gothic skull hand claw poker playing card black konov mens stainless steel ring gothic skull hand claw poker playing card black ""jewelry"" jewellery this is a very comfortable ring i would definitely buy it now great ring konov",0.75
jewellery_310,temego jewelry mens 2pcs rhodium plated vintage superman symbol wedding cufflinks shirt cufflinks black silver,"""jewelry""",1.0,0.0,,,great quality for the price,jewellery,"temego jewelry mens 2pcs rhodium plated vintage superman symbol wedding cufflinks shirt cufflinks black silver temego jewelry mens 2pcs rhodium plated vintage superman symbol wedding cufflinks shirt cufflinks black silver temego jewelry mens 2pcs rhodium plated vintage superman symbol wedding cufflinks shirt cufflinks black silver ""jewelry"" jewellery great quality for the price",0.75
jewellery_311,royal blue white kc royals silver tone multi charm toggle bracelet kansas city sports,"""jewelry""",1.0,0.0,,,i like the bracelet a lot it s really cute and almost exactly what i expected i do wish it were just a little longer as it is a little snug even though i have fairly small wrists,jewellery,"royal blue white kc royals silver tone multi charm toggle bracelet kansas city sports royal blue white kc royals silver tone multi charm toggle bracelet kansas city sports royal blue white kc royals silver tone multi charm toggle bracelet kansas city sports ""jewelry"" jewellery i like the bracelet a lot it s really cute and almost exactly what i expected i do wish it were just a little longer as it is a little snug even though i have fairly small wrists",0.75
jewellery_312,10 11mm baroque freshwater cultured pearl endless necklace 32 60 64 in dyed and natural colors,"""jewelry""",1.0,0.0,,,this is pretty and versatile i have it to wear with dresses that are low cut it allows me to be a bit more modest i especially appreciate the continuous string a wandering clasp can ruin a look,jewellery,"10 11mm baroque freshwater cultured pearl endless necklace 32 60 64 in dyed and natural colors 10 11mm baroque freshwater cultured pearl endless necklace 32 60 64 in dyed and natural colors 10 11mm baroque freshwater cultured pearl endless necklace 32 60 64 in dyed and natural colors ""jewelry"" jewellery this is pretty and versatile i have it to wear with dresses that are low cut it allows me to be a bit more modest i especially appreciate the continuous string a wandering clasp can ruin a look",0.75
jewellery_313,sankuwen fashional 7pcs stack plain rings cute eye bowknot crown rhinestone joint rings,"""jewelry""",0.0,0.0,,,don t get this like the first time i opened this it got broken and it don t fit on my fingers,jewellery,"sankuwen fashional 7pcs stack plain rings cute eye bowknot crown rhinestone joint rings sankuwen fashional 7pcs stack plain rings cute eye bowknot crown rhinestone joint rings sankuwen fashional 7pcs stack plain rings cute eye bowknot crown rhinestone joint rings ""jewelry"" jewellery don t get this like the first time i opened this it got broken and it don t fit on my fingers",0.25
jewellery_314,zjskin6688 store new fashion hip hop african map pendant wood bead rosary necklaces,"""jewelry""",0.0,0.0,,,not what i expected took too long to ship but price was right necklace not adjustable hangs too low,jewellery,"zjskin6688 store new fashion hip hop african map pendant wood bead rosary necklaces zjskin6688 store new fashion hip hop african map pendant wood bead rosary necklaces zjskin6688 store new fashion hip hop african map pendant wood bead rosary necklaces ""jewelry"" jewellery not what i expected took too long to ship but price was right necklace not adjustable hangs too low",0.25
jewellery_315,scheppend polymer clay cute cartoon fox handmade stud earrings,"""jewelry""",1.0,0.0,,,bought these for my daughter cute but bigger than what i imagined they would be,jewellery,"scheppend polymer clay cute cartoon fox handmade stud earrings scheppend polymer clay cute cartoon fox handmade stud earrings scheppend polymer clay cute cartoon fox handmade stud earrings ""jewelry"" jewellery bought these for my daughter cute but bigger than what i imagined they would be",0.75
jewellery_316,horizontal sideway lateral cross pendant necklace stainless steel with 20 inches chain,"""jewelry""",1.0,0.0,,,pretty and very comfortable to wear,jewellery,"horizontal sideway lateral cross pendant necklace stainless steel with 20 inches chain horizontal sideway lateral cross pendant necklace stainless steel with 20 inches chain horizontal sideway lateral cross pendant necklace stainless steel with 20 inches chain ""jewelry"" jewellery pretty and very comfortable to wear",0.75
jewellery_317,magnoli clothiers doctor who style capaldi ring,"""jewelry""",1.0,0.0,,,great ring looks exactly like the one capaldi wears my body is ready to wear it was in everyday life and for cosplay one problem was it does kinda look weird after it is bent to fit your finger but i do have big fingers metal was easy to bend but still stiff and you can t notice the shape when wearing it,jewellery,"magnoli clothiers doctor who style capaldi ring magnoli clothiers doctor who style capaldi ring magnoli clothiers doctor who style capaldi ring ""jewelry"" jewellery great ring looks exactly like the one capaldi wears my body is ready to wear it was in everyday life and for cosplay one problem was it does kinda look weird after it is bent to fit your finger but i ",0.75
jewellery_318,black stainless steel dragon stud earrings for men,"""jewelry""",0.0,0.0,,,my son loved them when he got them they gave him the look of plugs but maybe a month after getting them one of the black piece with the dragon on it fell off of the metal not happy,jewellery,"black stainless steel dragon stud earrings for men black stainless steel dragon stud earrings for men black stainless steel dragon stud earrings for men ""jewelry"" jewellery my son loved them when he got them they gave him the look of plugs but maybe a month after getting them one of the black piece with the dragon on it fell off of the metal not happy",0.25
jewellery_319,essential oils aromatherapy diffuser locket necklace,"""jewelry""",1.0,0.0,,,very pretty works really well diffusing the scented oil very very happy with this purchase,jewellery,"essential oils aromatherapy diffuser locket necklace essential oils aromatherapy diffuser locket necklace essential oils aromatherapy diffuser locket necklace ""jewelry"" jewellery very pretty works really well diffusing the scented oil very very happy with this purchase",0.75
jewellery_320,zehui chap turquoise beads tibetan silver cute elephant stretch bangle bracelet,"""jewelry""",1.0,0.0,,,like it very much,jewellery,"zehui chap turquoise beads tibetan silver cute elephant stretch bangle bracelet zehui chap turquoise beads tibetan silver cute elephant stretch bangle bracelet zehui chap turquoise beads tibetan silver cute elephant stretch bangle bracelet ""jewelry"" jewellery like it very much",0.75
jewellery_321,tir 0008 solid titanium rose gold ip 6mm wide classic band ring comes with free gift box,"""jewelry""",1.0,0.0,,,love this ring,jewellery,"tir 0008 solid titanium rose gold ip 6mm wide classic band ring comes with free gift box tir 0008 solid titanium rose gold ip 6mm wide classic band ring comes with free gift box tir 0008 solid titanium rose gold ip 6mm wide classic band ring comes with free gift box ""jewelry"" jewellery love this ring",0.75
jewellery_322,pro jewelry dangling cat w heart clip on bead for charm bracelet 04843,"""jewelry""",1.0,0.0,,,great,jewellery,"pro jewelry dangling cat w heart clip on bead for charm bracelet 04843 pro jewelry dangling cat w heart clip on bead for charm bracelet 04843 pro jewelry dangling cat w heart clip on bead for charm bracelet 04843 ""jewelry"" jewellery great",0.75
jewellery_323,rope braided band simulated coral fashion bali ring new 925 sterling silver sizes 6 9,"""jewelry""",1.0,0.0,,,beautiful red color goes with my other coral jewelry,jewellery,"rope braided band simulated coral fashion bali ring new 925 sterling silver sizes 6 9 rope braided band simulated coral fashion bali ring new 925 sterling silver sizes 6 9 rope braided band simulated coral fashion bali ring new 925 sterling silver sizes 6 9 ""jewelry"" jewellery beautiful red color goes with my other coral jewelry",0.75
jewellery_324,sterling silver 3mm 24 inch beaded rosary necklace with dangling cross i 1520,"""jewelry""",1.0,0.0,,,my daughter loved it,jewellery,"sterling silver 3mm 24 inch beaded rosary necklace with dangling cross i 1520 sterling silver 3mm 24 inch beaded rosary necklace with dangling cross i 1520 sterling silver 3mm 24 inch beaded rosary necklace with dangling cross i 1520 ""jewelry"" jewellery my daughter loved it",0.75
jewellery_325,chain 22k 23k 24k thai baht gold gp necklace 24 50 grams jewelry,"""jewelry""",0.0,0.0,,,i don t like,jewellery,"chain 22k 23k 24k thai baht gold gp necklace 24 50 grams jewelry chain 22k 23k 24k thai baht gold gp necklace 24 50 grams jewelry chain 22k 23k 24k thai baht gold gp necklace 24 50 grams jewelry ""jewelry"" jewellery i don t like",0.25
jewellery_326,nermix harry potter time turner rotating hourglass pendant alloy necklace golden,"""jewelry""",0.0,0.0,,,very bad quality the sand on mine was bright pink hideous save your money,jewellery,"nermix harry potter time turner rotating hourglass pendant alloy necklace golden nermix harry potter time turner rotating hourglass pendant alloy necklace golden nermix harry potter time turner rotating hourglass pendant alloy necklace golden ""jewelry"" jewellery very bad quality the sand on mine was bright pink hideous save your money",0.25
jewellery_327,jewelrieshop unisex handmade raw made real genuine leather cuff bracelet wristband adjustable,"""jewelry""",0.0,0.0,,,i got a 51 01 brown it came apart after a few days too bad i really liked it,jewellery,"jewelrieshop unisex handmade raw made real genuine leather cuff bracelet wristband adjustable jewelrieshop unisex handmade raw made real genuine leather cuff bracelet wristband adjustable jewelrieshop unisex handmade raw made real genuine leather cuff bracelet wristband adjustable ""jewelry"" jewellery i got a 51 01 brown it came apart after a few days too bad i really liked it",0.25
jewellery_328,disney princess girl s sterling silver pink cubic zirconia heart pendant necklace and chain 18,"""jewelry""",1.0,0.0,,,i received the necklace quickly and it was really cute the stone is pink but sparkles with different colors the only thing i m worried about is the necklace looks very fragile and my 8 year old granddaughter can be rough playing around all in all it is really pretty,jewellery,"disney princess girl s sterling silver pink cubic zirconia heart pendant necklace and chain 18 disney princess girl s sterling silver pink cubic zirconia heart pendant necklace and chain 18 disney princess girl s sterling silver pink cubic zirconia heart pendant necklace and chain 18 ""jewelry"" jewellery i received the necklace quickly and it was really cute the stone is pink but sparkles with different colors the only thing i m worried about is the necklace looks very fragile and my 8 year old grandd",0.75
jewellery_329,dogeared reminder good luck elephant pendant necklace 16,"""jewelry""",1.0,0.0,,,very cute i like it very much,jewellery,"dogeared reminder good luck elephant pendant necklace 16 dogeared reminder good luck elephant pendant necklace 16 dogeared reminder good luck elephant pendant necklace 16 ""jewelry"" jewellery very cute i like it very much",0.75
jewellery_330,remedios bridal flower side hair comb wedding accessory rhinestone headpiece,"""jewelry""",1.0,0.0,,,my daughter loves it,jewellery,"remedios bridal flower side hair comb wedding accessory rhinestone headpiece remedios bridal flower side hair comb wedding accessory rhinestone headpiece remedios bridal flower side hair comb wedding accessory rhinestone headpiece ""jewelry"" jewellery my daughter loves it",0.75
jewellery_331,body accentz reg belly button navel ring body jewelry 14g double gem lot of 8,"""jewelry""",0.0,0.0,,,smaller than i had expected,jewellery,"body accentz reg belly button navel ring body jewelry 14g double gem lot of 8 body accentz reg belly button navel ring body jewelry 14g double gem lot of 8 body accentz reg belly button navel ring body jewelry 14g double gem lot of 8 ""jewelry"" jewellery smaller than i had expected",0.25
jewellery_332,disney tsum tsum dumbo pin,"""jewelry""",0.0,0.0,,,it states that the item is new but you can t tell because it came in a little zip bag with no packaging,jewellery,"disney tsum tsum dumbo pin disney tsum tsum dumbo pin disney tsum tsum dumbo pin ""jewelry"" jewellery it states that the item is new but you can t tell because it came in a little zip bag with no packaging",0.25
jewellery_333,925 sterling silver sis sister heart charm bracelet,"""jewelry""",0.0,0.0,,,broke after a few wearings,jewellery,"925 sterling silver sis sister heart charm bracelet 925 sterling silver sis sister heart charm bracelet 925 sterling silver sis sister heart charm bracelet ""jewelry"" jewellery broke after a few wearings",0.25
jewellery_334,non piercing septum jewelry gold silver tone tribal hanger 4 pcs nose ring no piercing required,"""jewelry""",1.0,0.0,,,these look so cute on and they are so much easier to get used to than i thought they would be i loveeeeeeeee them they are such a hit with all my friends,jewellery,"non piercing septum jewelry gold silver tone tribal hanger 4 pcs nose ring no piercing required non piercing septum jewelry gold silver tone tribal hanger 4 pcs nose ring no piercing required non piercing septum jewelry gold silver tone tribal hanger 4 pcs nose ring no piercing required ""jewelry"" jewellery these look so cute on and they are so much easier to get used to than i thought they would be i loveeeeeeeee them they are such a hit with all my friends",0.75
jewellery_335,3 ring guards 14k gold filled ladies jewelry sizers,"""jewelry""",1.0,0.0,,,i have used one so far and it looks nice and neat,jewellery,"3 ring guards 14k gold filled ladies jewelry sizers 3 ring guards 14k gold filled ladies jewelry sizers 3 ring guards 14k gold filled ladies jewelry sizers ""jewelry"" jewellery i have used one so far and it looks nice and neat",0.75
jewellery_336,925 sterling silver cubic zirconia cz promise engagement 2 15 ct tw band ring,"""jewelry""",1.0,0.0,,,stunningly amazing and beautiful i love it thanks so much a great price and its is a little big but i had a ring like it before so i ordered this one smaller as a guess lol,jewellery,"925 sterling silver cubic zirconia cz promise engagement 2 15 ct tw band ring 925 sterling silver cubic zirconia cz promise engagement 2 15 ct tw band ring 925 sterling silver cubic zirconia cz promise engagement 2 15 ct tw band ring ""jewelry"" jewellery stunningly amazing and beautiful i love it thanks so much a great price and its is a little big but i had a ring like it before so i ordered this one smaller as a guess lol",0.75
jewellery_337,large watch cuff bracelet jewelry gift box carnival collection,"""jewelry""",0.0,0.0,,,the bracelet did not fit properly i had to actually reshape the bracelet holder it looked ugly after that the box should mention the wrist size of the bracelet holder inside also it it too oval in shape does not take the shape of the bracelet,jewellery,"large watch cuff bracelet jewelry gift box carnival collection large watch cuff bracelet jewelry gift box carnival collection large watch cuff bracelet jewelry gift box carnival collection ""jewelry"" jewellery the bracelet did not fit properly i had to actually reshape the bracelet holder it looked ugly after that the box should mention the wrist size of the bracelet holder inside also it it too oval in sha",0.25
jewellery_338,hokage naruto pendant necklace double bands konoha sign,"""jewelry""",1.0,0.0,,,great product bought for my key chain came super early like 2 weeks early only complaint is both pendants are attached by one ring i was planning on only using one but still amazing product,jewellery,"hokage naruto pendant necklace double bands konoha sign hokage naruto pendant necklace double bands konoha sign hokage naruto pendant necklace double bands konoha sign ""jewelry"" jewellery great product bought for my key chain came super early like 2 weeks early only complaint is both pendants are attached by one ring i was planning on only using one but still amazing product",0.75
jewellery_339,1 pair of 00 gauge 00g 10mm double flare emerald green glass tunnel plugs,"""jewelry""",1.0,0.0,,,great fit the color is more glass bottle green than olive green but they are good quality plugs,jewellery,"1 pair of 00 gauge 00g 10mm double flare emerald green glass tunnel plugs 1 pair of 00 gauge 00g 10mm double flare emerald green glass tunnel plugs 1 pair of 00 gauge 00g 10mm double flare emerald green glass tunnel plugs ""jewelry"" jewellery great fit the color is more glass bottle green than olive green but they are good quality plugs",0.75
jewellery_340,6mm ladies eternity titanium ring cubic zirconia wedding band with cz sizes 4 to 9,"""jewelry""",1.0,0.0,,,i have never tried or purchased titanium jewelry before it is darker than i anticipated but not a deal breaker the picture represents this ring is very well it is quite pretty this ring is quite substantial and hefty however and i have very slender fingers i may need to exchange this for a thinner version overall i like it and hope that i can find the right size to fit they have many other beautiful rings so i am confident that i can get what looks the best,jewellery,"6mm ladies eternity titanium ring cubic zirconia wedding band with cz sizes 4 to 9 6mm ladies eternity titanium ring cubic zirconia wedding band with cz sizes 4 to 9 6mm ladies eternity titanium ring cubic zirconia wedding band with cz sizes 4 to 9 ""jewelry"" jewellery i have never tried or purchased titanium jewelry before it is darker than i anticipated but not a deal breaker the picture represents this ring is very well it is quite pretty this ring is quite subst",0.75
jewellery_341,925 sterling silver celtic knot eternity band ring,"""jewelry""",1.0,0.0,,,sizes ran small to me,jewellery,"925 sterling silver celtic knot eternity band ring 925 sterling silver celtic knot eternity band ring 925 sterling silver celtic knot eternity band ring ""jewelry"" jewellery sizes ran small to me",0.75
jewellery_342,kenneth cole new york two row necklace,"""jewelry""",0.0,0.0,,,i thought i was ordering gold i received silver it is attractive enough and i will keep it however i realized that buying jewelry in person is preferable also if you want a test of patience this is your necklace i spent nearly an hour untangling it plan to hang it for storage,jewellery,"kenneth cole new york two row necklace kenneth cole new york two row necklace kenneth cole new york two row necklace ""jewelry"" jewellery i thought i was ordering gold i received silver it is attractive enough and i will keep it however i realized that buying jewelry in person is preferable also if you want a test of patience this is yo",0.25
jewellery_343,gulicx jewelry rose gold tone hollow clear cz zircon fit gorgeous hoop earring for girl,"""jewelry""",1.0,0.0,,,very very pretty earrings they have a nice shine to them arrived quickly and in a cute little gift box too,jewellery,"gulicx jewelry rose gold tone hollow clear cz zircon fit gorgeous hoop earring for girl gulicx jewelry rose gold tone hollow clear cz zircon fit gorgeous hoop earring for girl gulicx jewelry rose gold tone hollow clear cz zircon fit gorgeous hoop earring for girl ""jewelry"" jewellery very very pretty earrings they have a nice shine to them arrived quickly and in a cute little gift box too",0.75
jewellery_344,6mm wide 316l stainless steel ring 5 clear cz gem band,"""jewelry""",1.0,0.0,,,gorgeous and fits great,jewellery,"6mm wide 316l stainless steel ring 5 clear cz gem band 6mm wide 316l stainless steel ring 5 clear cz gem band 6mm wide 316l stainless steel ring 5 clear cz gem band ""jewelry"" jewellery gorgeous and fits great",0.75
jewellery_345,sterling silver knitting wool ball bead for european charm bracelets,"""jewelry""",0.0,0.0,,,it is a gift for sept 2 i hope it fits her bracelet not sure yet,jewellery,"sterling silver knitting wool ball bead for european charm bracelets sterling silver knitting wool ball bead for european charm bracelets sterling silver knitting wool ball bead for european charm bracelets ""jewelry"" jewellery it is a gift for sept 2 i hope it fits her bracelet not sure yet",0.25
jewellery_346,fun daisy new design jewelry vintage grand choker rhinestones fashion necklace,"""jewelry""",1.0,0.0,,,this is the first time i ve ordered anything like this through amazon the photos that others posted in their reviews helped but it is much nicer in person the photos don t do it justice it s a heavy piece but not too heavy it has the right weight to it for something with that many stones in it if it was lighter i would have worried about the quality but this is not the case for the price this is perfect probably even better than i expected the stones have a lot of sparkle to them but it s hard to get that in a photo this is a striking piece the necklace has varied shades of blue so it could go with many different blue clothing pieces or go well with something contrasting the metal has an antique brass look to it it looks like something you d find in a higher end boutique i have no doubt this will be a great statement piece for everyday or for a special event look i m very glad i took a chance and bought this one this was an awesome find i can t say enough good things about it if you purchase i don t think you ll be disappointed fun daisy also packed this very securely in a cute box and bubble wrap inside it arrived no damage in perfect condition,jewellery,"fun daisy new design jewelry vintage grand choker rhinestones fashion necklace fun daisy new design jewelry vintage grand choker rhinestones fashion necklace fun daisy new design jewelry vintage grand choker rhinestones fashion necklace ""jewelry"" jewellery this is the first time i ve ordered anything like this through amazon the photos that others posted in their reviews helped but it is much nicer in person the photos don t do it justice it s a heavy p",0.75
jewellery_347,beads hunter 925 sterling silver gold on blue starbursts glass bead fits european bracelet,"""jewelry""",1.0,0.0,,,this is a beautiful intricate bead reminded me of vincent van gogh s 34 starry night 34,jewellery,"beads hunter 925 sterling silver gold on blue starbursts glass bead fits european bracelet beads hunter 925 sterling silver gold on blue starbursts glass bead fits european bracelet beads hunter 925 sterling silver gold on blue starbursts glass bead fits european bracelet ""jewelry"" jewellery this is a beautiful intricate bead reminded me of vincent van gogh s 34 starry night 34",0.75
jewellery_348,pair of 2 rings 16g 1 2 inch surgical steel segment hoop ring circular barbell earrings,"""jewelry""",0.0,0.0,,,it won t let me contact the seller so do not buy these i had my wife put them in they fell out overnight n i couldn t find the little tiny pieces to them it appears on the photo the inserts are longer so they stay in place but they are not don t waste your money on these types of rings,jewellery,"pair of 2 rings 16g 1 2 inch surgical steel segment hoop ring circular barbell earrings pair of 2 rings 16g 1 2 inch surgical steel segment hoop ring circular barbell earrings pair of 2 rings 16g 1 2 inch surgical steel segment hoop ring circular barbell earrings ""jewelry"" jewellery it won t let me contact the seller so do not buy these i had my wife put them in they fell out overnight n i couldn t find the little tiny pieces to them it appears on the photo the inserts are longer",0.25
jewellery_349,jenaforte 925 sterling silver expandable charm bangle bracelets expandable available in size s,"""jewelry""",1.0,0.0,,,one wasn t enough i have been adding charms,jewellery,"jenaforte 925 sterling silver expandable charm bangle bracelets expandable available in size s jenaforte 925 sterling silver expandable charm bangle bracelets expandable available in size s jenaforte 925 sterling silver expandable charm bangle bracelets expandable available in size s ""jewelry"" jewellery one wasn t enough i have been adding charms",0.75
jewellery_350,yazilind jewelry full pretty dolphin brooches and pins for wedding party,"""jewelry""",1.0,0.0,,,co workers complimented me when i wore it,jewellery,"yazilind jewelry full pretty dolphin brooches and pins for wedding party yazilind jewelry full pretty dolphin brooches and pins for wedding party yazilind jewelry full pretty dolphin brooches and pins for wedding party ""jewelry"" jewellery co workers complimented me when i wore it",0.75
jewellery_351,exquisite mens bangle bracelet stainless steel cuff bracelet grooved polished and satin,"""jewelry""",1.0,0.0,,,amazing,jewellery,"exquisite mens bangle bracelet stainless steel cuff bracelet grooved polished and satin exquisite mens bangle bracelet stainless steel cuff bracelet grooved polished and satin exquisite mens bangle bracelet stainless steel cuff bracelet grooved polished and satin ""jewelry"" jewellery amazing",0.75
jewellery_352,sterling silver italian 1 4 mm singapore chain necklace,"""jewelry""",1.0,0.0,,,love this necklace dainty but sparkles as it catches light i wear it with a cross pendant very pleased,jewellery,"sterling silver italian 1 4 mm singapore chain necklace sterling silver italian 1 4 mm singapore chain necklace sterling silver italian 1 4 mm singapore chain necklace ""jewelry"" jewellery love this necklace dainty but sparkles as it catches light i wear it with a cross pendant very pleased",0.75
jewellery_353,black stainless steel illusion round tunnel plug post stud earrings 5mm,"""jewelry""",0.0,0.0,,,they are too small and came chipped,jewellery,"black stainless steel illusion round tunnel plug post stud earrings 5mm black stainless steel illusion round tunnel plug post stud earrings 5mm black stainless steel illusion round tunnel plug post stud earrings 5mm ""jewelry"" jewellery they are too small and came chipped",0.25
jewellery_354,14k yellow gold braided rope bracelet 7 25,"""jewelry""",0.0,0.0,,,i loved the bracelet but it was not 7 25 the actual size was 6 5,jewellery,"14k yellow gold braided rope bracelet 7 25 14k yellow gold braided rope bracelet 7 25 14k yellow gold braided rope bracelet 7 25 ""jewelry"" jewellery i loved the bracelet but it was not 7 25 the actual size was 6 5",0.25
jewellery_355,sterling silver faceted genuine amethyst pear shape pendant and earrings set 19 50 cttw with 18 inch silver chain,"""jewelry""",1.0,0.0,,,the chain was missing but they immediately send me one the stones are nice good value,jewellery,"sterling silver faceted genuine amethyst pear shape pendant and earrings set 19 50 cttw with 18 inch silver chain sterling silver faceted genuine amethyst pear shape pendant and earrings set 19 50 cttw with 18 inch silver chain sterling silver faceted genuine amethyst pear shape pendant and earrings set 19 50 cttw with 18 inch silver chain ""jewelry"" jewellery the chain was missing but they immediately send me one the stones are nice good value",0.75
jewellery_356,cascading strands of gray and white faux pearls gunmetal steel and white pearls,"""jewelry""",1.0,0.0,,,nice,jewellery,"cascading strands of gray and white faux pearls gunmetal steel and white pearls cascading strands of gray and white faux pearls gunmetal steel and white pearls cascading strands of gray and white faux pearls gunmetal steel and white pearls ""jewelry"" jewellery nice",0.75
jewellery_357,crystal stretch adjustable ring,"""jewelry""",1.0,0.0,,,best choice for my outfit,jewellery,"crystal stretch adjustable ring crystal stretch adjustable ring crystal stretch adjustable ring ""jewelry"" jewellery best choice for my outfit",0.75
jewellery_358,industrial barbell black titanium anodized 14g 1 1 2 length,"""jewelry""",1.0,0.0,,,fast shipment and great product,jewellery,"industrial barbell black titanium anodized 14g 1 1 2 length industrial barbell black titanium anodized 14g 1 1 2 length industrial barbell black titanium anodized 14g 1 1 2 length ""jewelry"" jewellery fast shipment and great product",0.75
jewellery_359,authentic retired murano glass crystal charm bead for pandora bracelets black white swirly swirl 790676 threaded core 925 sterling silver for chamilia too,"""jewelry""",1.0,0.0,,,i am so glad i got it i put in on with the other charms i ordered that day,jewellery,"authentic retired murano glass crystal charm bead for pandora bracelets black white swirly swirl 790676 threaded core 925 sterling silver for chamilia too authentic retired murano glass crystal charm bead for pandora bracelets black white swirly swirl 790676 threaded core 925 sterling silver for chamilia too authentic retired murano glass crystal charm bead for pandora bracelets black white swirly swirl 790676 threaded core 925 sterling silver for chamilia too ""jewelry"" jewellery i am so glad i got it i put in on with the other charms i ordered that day",0.75
jewellery_360,silver tone micro baby angel pendant 2mm 24 box chain necklace mmp1rbx,"""jewelry""",1.0,0.0,,,good,jewellery,"silver tone micro baby angel pendant 2mm 24 box chain necklace mmp1rbx silver tone micro baby angel pendant 2mm 24 box chain necklace mmp1rbx silver tone micro baby angel pendant 2mm 24 box chain necklace mmp1rbx ""jewelry"" jewellery good",0.75
jewellery_361,ninabox valentine s gifts swarovski elements zirconia tennis bracelet fashion wedding jewelry,"""jewelry""",1.0,0.0,,,beautiful bracelet love the sparkles,jewellery,"ninabox valentine s gifts swarovski elements zirconia tennis bracelet fashion wedding jewelry ninabox valentine s gifts swarovski elements zirconia tennis bracelet fashion wedding jewelry ninabox valentine s gifts swarovski elements zirconia tennis bracelet fashion wedding jewelry ""jewelry"" jewellery beautiful bracelet love the sparkles",0.75
jewellery_362,sterling silver infinity twist bead dangle earrings,"""jewelry""",1.0,0.0,,,i bought both the silver and gold version of these earrings and kept both i have had them for several months and here is why i like them they are lightweight and they are comfortable and don t interfere with phone use or other things against my ears they are both classy and fun i can wear them professionally to a work meeting as well as out dancing they can be dressed up or down basically this is a versatile earring that works for most outfits and occasions lastly they are a bit unique i get compliments on when i wear them in sum this is a great earring and i would recommend them i hope this is helpful to you,jewellery,"sterling silver infinity twist bead dangle earrings sterling silver infinity twist bead dangle earrings sterling silver infinity twist bead dangle earrings ""jewelry"" jewellery i bought both the silver and gold version of these earrings and kept both i have had them for several months and here is why i like them they are lightweight and they are comfortable and don t interfe",0.75
jewellery_363,hypoallergenic sterling silver aurora borealis aqua crystal round stud earrings for kids nickel free,"""jewelry""",1.0,0.0,,,they look great,jewellery,"hypoallergenic sterling silver aurora borealis aqua crystal round stud earrings for kids nickel free hypoallergenic sterling silver aurora borealis aqua crystal round stud earrings for kids nickel free hypoallergenic sterling silver aurora borealis aqua crystal round stud earrings for kids nickel free ""jewelry"" jewellery they look great",0.75
jewellery_364,women gold plated jewelry set red green beads crystal necklace earrings bracelet ring,"""jewelry""",0.0,0.0,,,not impressive,jewellery,"women gold plated jewelry set red green beads crystal necklace earrings bracelet ring women gold plated jewelry set red green beads crystal necklace earrings bracelet ring women gold plated jewelry set red green beads crystal necklace earrings bracelet ring ""jewelry"" jewellery not impressive",0.25
jewellery_365,316l stainless steel apple green cubic zirconia cz eternity wedding 3mm band ring,"""jewelry""",1.0,0.0,,,beautiful and bargain to boot,jewellery,"316l stainless steel apple green cubic zirconia cz eternity wedding 3mm band ring 316l stainless steel apple green cubic zirconia cz eternity wedding 3mm band ring 316l stainless steel apple green cubic zirconia cz eternity wedding 3mm band ring ""jewelry"" jewellery beautiful and bargain to boot",0.75
jewellery_366,harry potter golden snitch owl style flying ball necklace,"""jewelry""",1.0,0.0,,,it was a gift she loved it,jewellery,"harry potter golden snitch owl style flying ball necklace harry potter golden snitch owl style flying ball necklace harry potter golden snitch owl style flying ball necklace ""jewelry"" jewellery it was a gift she loved it",0.75
jewellery_367,stainless steel designer inspired screw head oval bangle bracelet rose gold 7mm wide 8 inches,"""jewelry""",1.0,0.0,,,i ordered the 6 5 34 rose gold and it fits like a dream i highly recommend taking a piece of string and measuring the circumference of your wrist before ordering it is not too tight nor large has room to slide up my arm a few inches to where my forearm starts the color is great shiny and the screws tight i love that the screws are connected to the bracelet no fear of losing them they re very small one complaint i have i ordered it with the ring also in rose gold and the ring is a yellow gold i may order again to see if i get a better match i highly recommend this product the engravings are inside well made and super fast shipping less then 1 week,jewellery,"stainless steel designer inspired screw head oval bangle bracelet rose gold 7mm wide 8 inches stainless steel designer inspired screw head oval bangle bracelet rose gold 7mm wide 8 inches stainless steel designer inspired screw head oval bangle bracelet rose gold 7mm wide 8 inches ""jewelry"" jewellery i ordered the 6 5 34 rose gold and it fits like a dream i highly recommend taking a piece of string and measuring the circumference of your wrist before ordering it is not too tight nor large has room",0.75
jewellery_368,sterling silver bezel set faceted circle cz station by the yard necklace,"""jewelry""",1.0,0.0,,,for the price this necklace is worth it i was looking for something longer though to double up and 36 34 is too short i will keep this and wear with dark tops it is not too gaudy i would say understated elegance for a reasonable price,jewellery,"sterling silver bezel set faceted circle cz station by the yard necklace sterling silver bezel set faceted circle cz station by the yard necklace sterling silver bezel set faceted circle cz station by the yard necklace ""jewelry"" jewellery for the price this necklace is worth it i was looking for something longer though to double up and 36 34 is too short i will keep this and wear with dark tops it is not too gaudy i would say understat",0.75
jewellery_369,c smiley face sun charm,"""jewelry""",1.0,0.0,,,very small but oh so cute,jewellery,"c smiley face sun charm c smiley face sun charm c smiley face sun charm ""jewelry"" jewellery very small but oh so cute",0.75
jewellery_370,jenaforte 925 sterling silver rhodium plated enameled red crab charm,"""jewelry""",1.0,0.0,,,love the red crab i use it daily and get a lot of compliments on it,jewellery,"jenaforte 925 sterling silver rhodium plated enameled red crab charm jenaforte 925 sterling silver rhodium plated enameled red crab charm jenaforte 925 sterling silver rhodium plated enameled red crab charm ""jewelry"" jewellery love the red crab i use it daily and get a lot of compliments on it",0.75
jewellery_371,8mm men s titanium ring wedding band silver black round cubic zirconia size 7 15 spj,"""jewelry""",1.0,0.0,,,it is better than the picture,jewellery,"8mm men s titanium ring wedding band silver black round cubic zirconia size 7 15 spj 8mm men s titanium ring wedding band silver black round cubic zirconia size 7 15 spj 8mm men s titanium ring wedding band silver black round cubic zirconia size 7 15 spj ""jewelry"" jewellery it is better than the picture",0.75
jewellery_372,ever faith austrian crystal vintage style 4 5 inch parrot brooch pendant,"""jewelry""",1.0,0.0,,,if you love birds you will love this necklace brooch it is a large statement piece and so not for the very petite woman absolutely too much fun if you love bling,jewellery,"ever faith austrian crystal vintage style 4 5 inch parrot brooch pendant ever faith austrian crystal vintage style 4 5 inch parrot brooch pendant ever faith austrian crystal vintage style 4 5 inch parrot brooch pendant ""jewelry"" jewellery if you love birds you will love this necklace brooch it is a large statement piece and so not for the very petite woman absolutely too much fun if you love bling",0.75
jewellery_373,14 karat white gold heart shape 1 00 carats created alexandrite diamond pendant,"""jewelry""",1.0,0.0,,,i chose this for my 10th wedding anniversary gift to my wife because my birth stone is the diamond and hers is the alexandrite and this pendant has a bit of both as someone mentioned the pendant is smaller than it seems from the pictures but my wife prefers subtlety you can t exactly tell it s a heart shaped stone unless you get up close it s those little surprises the included chain necklace seems to be of good quality it s quite thin and the clasp is a bit small for the first few days after giving it to her i had to help her put it on she tends to have longer fingernails so releasing the clasp was a little tough with it being so small i had no issues though,jewellery,"14 karat white gold heart shape 1 00 carats created alexandrite diamond pendant 14 karat white gold heart shape 1 00 carats created alexandrite diamond pendant 14 karat white gold heart shape 1 00 carats created alexandrite diamond pendant ""jewelry"" jewellery i chose this for my 10th wedding anniversary gift to my wife because my birth stone is the diamond and hers is the alexandrite and this pendant has a bit of both as someone mentioned the pendant is sm",0.75
jewellery_374,sterling silver 2ct diamond three row bracelet,"""jewelry""",0.0,0.0,,,returned not what wife wanted picture didn t match product,jewellery,"sterling silver 2ct diamond three row bracelet sterling silver 2ct diamond three row bracelet sterling silver 2ct diamond three row bracelet ""jewelry"" jewellery returned not what wife wanted picture didn t match product",0.25
jewellery_375,16g clear curved eyebrow ring body jewelry piercing retainer with o ring 16 gauge 3 8 by eg gifts,"""jewelry""",0.0,0.0,,,painful to put in and wear due to a strip of plastic along the cannula,jewellery,"16g clear curved eyebrow ring body jewelry piercing retainer with o ring 16 gauge 3 8 by eg gifts 16g clear curved eyebrow ring body jewelry piercing retainer with o ring 16 gauge 3 8 by eg gifts 16g clear curved eyebrow ring body jewelry piercing retainer with o ring 16 gauge 3 8 by eg gifts ""jewelry"" jewellery painful to put in and wear due to a strip of plastic along the cannula",0.25
jewellery_376,jenaforte 925 sterling silver expandable charm bangle bracelets with mix charms,"""jewelry""",1.0,0.0,,,love it it light on my hand yet sturdy enough to use daily,jewellery,"jenaforte 925 sterling silver expandable charm bangle bracelets with mix charms jenaforte 925 sterling silver expandable charm bangle bracelets with mix charms jenaforte 925 sterling silver expandable charm bangle bracelets with mix charms ""jewelry"" jewellery love it it light on my hand yet sturdy enough to use daily",0.75
jewellery_377,konov mens stainless steel ring classic vintage blue,"""jewelry""",1.0,0.0,,,even better than i thought it would be,jewellery,"konov mens stainless steel ring classic vintage blue konov mens stainless steel ring classic vintage blue konov mens stainless steel ring classic vintage blue ""jewelry"" jewellery even better than i thought it would be",0.75
jewellery_378,heirloom finds sparking crystal kitten cat animal pendant necklace silver tone,"""jewelry""",1.0,0.0,,,very happy with the item it is very cute,jewellery,"heirloom finds sparking crystal kitten cat animal pendant necklace silver tone heirloom finds sparking crystal kitten cat animal pendant necklace silver tone heirloom finds sparking crystal kitten cat animal pendant necklace silver tone ""jewelry"" jewellery very happy with the item it is very cute",0.75
jewellery_379,fairy couple women s cubic zirconia eternity bands engagement ring r21,"""jewelry""",1.0,0.0,,,love it,jewellery,"fairy couple women s cubic zirconia eternity bands engagement ring r21 fairy couple women s cubic zirconia eternity bands engagement ring r21 fairy couple women s cubic zirconia eternity bands engagement ring r21 ""jewelry"" jewellery love it",0.75
jewellery_380,21 ct oval cz solitaire ring,"""jewelry""",1.0,0.0,,,the ring is beautiful it is very well made and in person looks spectacular the stone is of the size i wanted and looks like gorgeous white topaz however if you are planning to order the ring keep in mind that the stone is quite large if you like bold jewelry i would definitely recommend this ring,jewellery,"21 ct oval cz solitaire ring 21 ct oval cz solitaire ring 21 ct oval cz solitaire ring ""jewelry"" jewellery the ring is beautiful it is very well made and in person looks spectacular the stone is of the size i wanted and looks like gorgeous white topaz however if you are planning to order the ring keep in m",0.75
jewellery_381,dsj stainless steel rose wood inlay silver beveled edge band ring,"""jewelry""",1.0,0.0,,,cute but you get what you pay for for a cheaper ring it s perfect but not high enough quality for a wedding ring i d recommend this as a promise ring or birthday gift,jewellery,"dsj stainless steel rose wood inlay silver beveled edge band ring dsj stainless steel rose wood inlay silver beveled edge band ring dsj stainless steel rose wood inlay silver beveled edge band ring ""jewelry"" jewellery cute but you get what you pay for for a cheaper ring it s perfect but not high enough quality for a wedding ring i d recommend this as a promise ring or birthday gift",0.75
jewellery_382,sunnow women grils bohemian jewelry alloy pendant multilayer short necklace,"""jewelry""",1.0,0.0,,,it s very pretty came earlier than expected love it,jewellery,"sunnow women grils bohemian jewelry alloy pendant multilayer short necklace sunnow women grils bohemian jewelry alloy pendant multilayer short necklace sunnow women grils bohemian jewelry alloy pendant multilayer short necklace ""jewelry"" jewellery it s very pretty came earlier than expected love it",0.75
jewellery_383,shinyso 22 2 0mm stainless steel silver women s necklace o chain 22 inch,"""jewelry""",0.0,0.0,,,i liked the chain overall when i got it because it was nice and simple and functioned well one thing i noticed as i wore it was that it had a tendency to twist up when it had something a pendant etc on it the reason this is a 1 star review is because after only having it for a month and a half i was lightly pulling on two parts to get it to untwist and it broke it s a nice enough chain but if it only lasts a month and a half and can be broken by light pulling with my bare hands it s maybe not the best quality,jewellery,"shinyso 22 2 0mm stainless steel silver women s necklace o chain 22 inch shinyso 22 2 0mm stainless steel silver women s necklace o chain 22 inch shinyso 22 2 0mm stainless steel silver women s necklace o chain 22 inch ""jewelry"" jewellery i liked the chain overall when i got it because it was nice and simple and functioned well one thing i noticed as i wore it was that it had a tendency to twist up when it had something a pendant etc o",0.25
jewellery_384,womens copper platinum plated tennis bracelet with cubic zirconia purple,"""jewelry""",0.0,0.0,,,arrived broken one if the stones were out looks cheap,jewellery,"womens copper platinum plated tennis bracelet with cubic zirconia purple womens copper platinum plated tennis bracelet with cubic zirconia purple womens copper platinum plated tennis bracelet with cubic zirconia purple ""jewelry"" jewellery arrived broken one if the stones were out looks cheap",0.25
jewellery_385,claire s accessories girls gold chain link stretch bracelet,"""jewelry""",1.0,0.0,,,i purchased the silver bracelet like this first liked it so much i went back ordered this gold one,jewellery,"claire s accessories girls gold chain link stretch bracelet claire s accessories girls gold chain link stretch bracelet claire s accessories girls gold chain link stretch bracelet ""jewelry"" jewellery i purchased the silver bracelet like this first liked it so much i went back ordered this gold one",0.75
jewellery_386,2 95 ct halo cubic zirconia stainless steel engagement ring band women s sz 5 10,"""jewelry""",1.0,0.0,,,you know i have to say i am really impressed with this ring not only is the price great very shiny sparkles great looks like the real thing great for vacations thanks so much,jewellery,"2 95 ct halo cubic zirconia stainless steel engagement ring band women s sz 5 10 2 95 ct halo cubic zirconia stainless steel engagement ring band women s sz 5 10 2 95 ct halo cubic zirconia stainless steel engagement ring band women s sz 5 10 ""jewelry"" jewellery you know i have to say i am really impressed with this ring not only is the price great very shiny sparkles great looks like the real thing great for vacations thanks so much",0.75
jewellery_387,dainty double initial necklace with adjustable chain and extender,"""jewelry""",1.0,0.0,,,i really like the quality of the necklace my only complaint is that they keep twisting together and i am constantly untwisting them,jewellery,"dainty double initial necklace with adjustable chain and extender dainty double initial necklace with adjustable chain and extender dainty double initial necklace with adjustable chain and extender ""jewelry"" jewellery i really like the quality of the necklace my only complaint is that they keep twisting together and i am constantly untwisting them",0.75
jewellery_388,jotw heart bracelet 12mm cuban link toggle chain iced out sparkling crystal stones bracelet for women s 1660,"""jewelry""",0.0,0.0,,,it turn nasty the 2 nd day,jewellery,"jotw heart bracelet 12mm cuban link toggle chain iced out sparkling crystal stones bracelet for women s 1660 jotw heart bracelet 12mm cuban link toggle chain iced out sparkling crystal stones bracelet for women s 1660 jotw heart bracelet 12mm cuban link toggle chain iced out sparkling crystal stones bracelet for women s 1660 ""jewelry"" jewellery it turn nasty the 2 nd day",0.25
jewellery_389,sterling silver 8 9mm white hand pick genuine cultured freshwater pearl high luster stud earring,"""jewelry""",1.0,0.0,,,wife was very happy with them,jewellery,"sterling silver 8 9mm white hand pick genuine cultured freshwater pearl high luster stud earring sterling silver 8 9mm white hand pick genuine cultured freshwater pearl high luster stud earring sterling silver 8 9mm white hand pick genuine cultured freshwater pearl high luster stud earring ""jewelry"" jewellery wife was very happy with them",0.75
jewellery_390,a pair nipple rings flower shape nickel free nipple shield copper fashion women body piercing jewelry,"""jewelry""",0.0,0.0,,,the rings arrived with a velvet pouch and an alcohol swab for cleaning which was very nice however after one use the stones started falling out i was able to catch some or pull some out myself and super glue them in place but most of them have been lost it was disappointing it was also disappointing to find out that i was injured after the first use my nipples were very sore and i thought it was because i had not used them properly after handling the rings more and looking closely i noticed that there were metal tags on the ends of the rings that ended up cutting into my skin i have a heavy duty file at home so i was able get in there and file down the tags they look really nice on when they have all the stones in,jewellery,"a pair nipple rings flower shape nickel free nipple shield copper fashion women body piercing jewelry a pair nipple rings flower shape nickel free nipple shield copper fashion women body piercing jewelry a pair nipple rings flower shape nickel free nipple shield copper fashion women body piercing jewelry ""jewelry"" jewellery the rings arrived with a velvet pouch and an alcohol swab for cleaning which was very nice however after one use the stones started falling out i was able to catch some or pull some out myself and sup",0.25
jewellery_391,cavalier jewelers 8mm cobalt chrome ring wedding band flat brushed top and polished finish edges,"""jewelry""",1.0,0.0,,,i got married a few weeks ago and i really like this ring my fiancee and i scoured around 15 different jewelry shops to look for our wedding bands i noticed that the mens bands made from alternative metals were very good in most shops and in the range of 250 300 dollars that s already a huge difference from what you d pay for a white gold or platinum ring however most of these alternative metal bands displayed in the shops were size 10 the standard display size and given that these rings couldn t be resized they told me i would have to wait 1 or 2 weeks to order them that s how i started to check out rings online all i really wanted was a clean beveled cobalt ring this ring by cavalier looks just as good as those i ve seen in the shops the price is unbelievable i prefer cobalt over tungsten because it has a brighter look that almost resembles white gold this ring has a very nice texture and i kinda play with it often just as gollum played with the ring i also quite like the fact that the only word in the inside of the ring is 34 cobalt 34 and none of those fancy phrases such as 34 brute 34 etc or a huge brand name that you ll find in other rings please keep up the good work cavalier jewelers,jewellery,"cavalier jewelers 8mm cobalt chrome ring wedding band flat brushed top and polished finish edges cavalier jewelers 8mm cobalt chrome ring wedding band flat brushed top and polished finish edges cavalier jewelers 8mm cobalt chrome ring wedding band flat brushed top and polished finish edges ""jewelry"" jewellery i got married a few weeks ago and i really like this ring my fiancee and i scoured around 15 different jewelry shops to look for our wedding bands i noticed that the mens bands made from alternative m",0.75
jewellery_392,yazilind valentine day gift cute y lying cat ear wire hook dangle earrings,"""jewelry""",1.0,0.0,,,awesome for price,jewellery,"yazilind valentine day gift cute y lying cat ear wire hook dangle earrings yazilind valentine day gift cute y lying cat ear wire hook dangle earrings yazilind valentine day gift cute y lying cat ear wire hook dangle earrings ""jewelry"" jewellery awesome for price",0.75
jewellery_393,sterling silver plain 3 mm classic domed wedding band thumb ring 4 to 13,"""jewelry""",1.0,0.0,,,love it,jewellery,"sterling silver plain 3 mm classic domed wedding band thumb ring 4 to 13 sterling silver plain 3 mm classic domed wedding band thumb ring 4 to 13 sterling silver plain 3 mm classic domed wedding band thumb ring 4 to 13 ""jewelry"" jewellery love it",0.75
jewellery_394,skyvan one piece bride ankle bracelet crochet for women sandals beach foot jewelry anklet rhinestone barefoot,"""jewelry""",0.0,0.0,,,i now see it says one piece it shouldn t show a pair very misleading who wants one,jewellery,"skyvan one piece bride ankle bracelet crochet for women sandals beach foot jewelry anklet rhinestone barefoot skyvan one piece bride ankle bracelet crochet for women sandals beach foot jewelry anklet rhinestone barefoot skyvan one piece bride ankle bracelet crochet for women sandals beach foot jewelry anklet rhinestone barefoot ""jewelry"" jewellery i now see it says one piece it shouldn t show a pair very misleading who wants one",0.25
jewellery_395,goldtone with fashionable woman adjustable 17 inch rolo chain necklace with matching stud earrings set b 2698,"""jewelry""",1.0,0.0,,,nice rather large got many compliments,jewellery,"goldtone with fashionable woman adjustable 17 inch rolo chain necklace with matching stud earrings set b 2698 goldtone with fashionable woman adjustable 17 inch rolo chain necklace with matching stud earrings set b 2698 goldtone with fashionable woman adjustable 17 inch rolo chain necklace with matching stud earrings set b 2698 ""jewelry"" jewellery nice rather large got many compliments",0.75
pc_396,plemo 14 inch laptop sleeve case waterproof fabric bag for macbook air laptops notebook gray,"""pc""",1.0,0.0,,,i was very surprised at the high quality of the stitching the sturdiness of the handles and the padding for my laptop the price is amazingly low and the look is very good i am quite happy with this purchase it fit my macbook pro perfectly with a little bit of room to spare,pc,"plemo 14 inch laptop sleeve case waterproof fabric bag for macbook air laptops notebook gray plemo 14 inch laptop sleeve case waterproof fabric bag for macbook air laptops notebook gray plemo 14 inch laptop sleeve case waterproof fabric bag for macbook air laptops notebook gray ""pc"" pc i was very surprised at the high quality of the stitching the sturdiness of the handles and the padding for my laptop the price is amazingly low and the look is very good i am quite happy with this pu",0.75
pc_397,tp link onhub ac1900 wireless wi fi router,"""pc""",1.0,0.0,,,i am a google employee and had to chance to use the device for a few months now this is my own opinion of the device overall onhub is a pretty no nonsense type router that just works its super simple to setup with your phone is fast and auto updates i have not looked back ever since i set it up the beauty in this router is that it gets better over time you know what i mean if you have a chromebook it auto updates and you never have to deal with firmware and security updates or adjusting settings on the device to get the optimal performance for your wifi network it just figures it out on its own why i love it 1 auto updates probably the one of the main selling points i have witnessed this first hand it uses the power of the cloud to update no security updates to apply no firmware patches to apply no need to plug in your laptop to set it up or flash etc it does it automatically through the internet 2 it s fast i probably have 6 7 devices connected through wifi and they all perform pretty well i didn t notice any performance differences when streaming netflix or youtube using the ethernet connection or wireless network 3 the android app makes it dead simple to share your wifi password perform speed tests on your internet connection see how much bandwidth devices on your network are using and updated your typical settings you see in a wifi router the added bonus is you can even do it from anywhere you have a internet connection no need to be on your home network the default settings worked straight out of the box beautifully there is an ios app which has similar features 4 there are 2 4ghz and 5ghz antennas which should cover all your devices the interesting bit for me was that you only need one ssid for both frequencies there is no concept of network name and network name 5g if you have a used a router in the past that broadcasted both frequencies it will automatically figure out which is the better frequency for you and use that 5 no administrator password to remember or gateway ip to remember to update settings you control everything through your phone including adding additional managers to administer the device although i haven t actually had the need to use this it might come in handy to help a friend or family member if they had some questions 6 it looks nice enough that i don t need to hide it in my tv stand and can leave it out in the open why you may not like it 1 the onhub only has 1 ethernet port where as my old router had 4 while i thought i would miss this early on i actually found that connecting all my devices via wifi just seemed so much simpler and cleaner if you need more ports for wired internet access you will need a switch 2 there is no web interface to administrate the device but i didn t really miss it well okay i will admit i did at first since i was so use to it from my old access point after the initial setup though you don t really need to touch any settings as i mentioned before you control everything through your phone if you need to change anything or check the status future wish list there is a pretty nice looking speaker on top that i heard during setup it would be cool if this could be used in some other ways other than just for setup maybe a future update use that 5 no administrator password to remember or gateway ip to remember to update settings you control everything through your phone including adding additional managers to administer the device although i haven t actually had the need to use this it might come in handy to help a friend or family member if they had some questions 6 it looks nice enough that i don t need to hide it in my tv stand and can leave it out in the open why you may not like it 1 the onhub only has 1 ethernet port where as my old router had 4 while i thought i would miss this early on i actually found that connecting all my devices via wifi just seemed so much simpler and cleaner if you need more ports for wired internet access you will need a switch 2 there is no web interface to administrate the device but i didn t really miss it well okay i will admit i did at first since i was so use to it from my old access point after the initial setup though you don t really need to touch any settings as i mentioned before you control everything through your phone if you need to change anything or check the status future wish list there is a pretty nice looking speaker on top that i heard during setup it would be cool if this could be used in some other ways other than just for setup maybe a future update,pc,"tp link onhub ac1900 wireless wi fi router tp link onhub ac1900 wireless wi fi router tp link onhub ac1900 wireless wi fi router ""pc"" pc i am a google employee and had to chance to use the device for a few months now this is my own opinion of the device overall onhub is a pretty no nonsense type router that just works its super simple ",0.75
pc_398,amazonbasics usb 3 0 a male to a male cable 3 3 feet 1 meter,"""pc""",0.0,0.0,,,bought cables in 3ft 6ft and 9ft none of them worked no functionality whatsoever tested many times its as if the copper wires are just not connected to the terminations do these even go through quality control before they leave the factory waste of money and time,pc,"amazonbasics usb 3 0 a male to a male cable 3 3 feet 1 meter amazonbasics usb 3 0 a male to a male cable 3 3 feet 1 meter amazonbasics usb 3 0 a male to a male cable 3 3 feet 1 meter ""pc"" pc bought cables in 3ft 6ft and 9ft none of them worked no functionality whatsoever tested many times its as if the copper wires are just not connected to the terminations do these even go through qualit",0.25
pc_399,transcend p8 15 in 1 usb 2 0 flash memory card reader ts rdp8k,"""pc""",0.0,0.0,,,nope cheap and slow,pc,"transcend p8 15 in 1 usb 2 0 flash memory card reader ts rdp8k transcend p8 15 in 1 usb 2 0 flash memory card reader ts rdp8k transcend p8 15 in 1 usb 2 0 flash memory card reader ts rdp8k ""pc"" pc nope cheap and slow",0.25
pc_400,aleratec sata data cable 2 0 20in serial ata straight connector 6 pack combo,"""pc""",1.0,0.0,,,excellent great value and does the job,pc,"aleratec sata data cable 2 0 20in serial ata straight connector 6 pack combo aleratec sata data cable 2 0 20in serial ata straight connector 6 pack combo aleratec sata data cable 2 0 20in serial ata straight connector 6 pack combo ""pc"" pc excellent great value and does the job",0.75
pc_401,kingston digital mobilelite g4 usb 3 0 multi function card reader fcr mlg4,"""pc""",1.0,0.0,,,good quality works well and compact size,pc,"kingston digital mobilelite g4 usb 3 0 multi function card reader fcr mlg4 kingston digital mobilelite g4 usb 3 0 multi function card reader fcr mlg4 kingston digital mobilelite g4 usb 3 0 multi function card reader fcr mlg4 ""pc"" pc good quality works well and compact size",0.75
pc_402,white 9 inch unlocked dual sim card phone tablet 9 inch 1024 600 3g phone call tablet pc android 4 2 512mb 4gb mtk6572 dual coredual cameras wifi bluetooth gps,"""pc""",0.0,0.0,,,this demn tablet is just a real chinese product the demn camera does not knows it s function in fact this is third china good demn s,pc,"white 9 inch unlocked dual sim card phone tablet 9 inch 1024 600 3g phone call tablet pc android 4 2 512mb 4gb mtk6572 dual coredual cameras wifi bluetooth gps white 9 inch unlocked dual sim card phone tablet 9 inch 1024 600 3g phone call tablet pc android 4 2 512mb 4gb mtk6572 dual coredual cameras wifi bluetooth gps white 9 inch unlocked dual sim card phone tablet 9 inch 1024 600 3g phone call tablet pc android 4 2 512mb 4gb mtk6572 dual coredual cameras wifi bluetooth gps ""pc"" pc this demn tablet is just a real chinese product the demn camera does not knows it s function in fact this is third china good demn s",0.25
pc_403,lenovo tab2 a10 10 1 2 in 1 tablet 1 5ghz 2 gb sdram 16 gb ssd android 4 4 kitkat za000001us,"""pc""",1.0,0.0,,,i am not sure i don t know if it is the tablet or lollipop sometimes i can t get a good connection otherwise i do like it it does almost everything i want els well made i have one of there computers and i thought this was a good buy and was thinking that there computer was good,pc,"lenovo tab2 a10 10 1 2 in 1 tablet 1 5ghz 2 gb sdram 16 gb ssd android 4 4 kitkat za000001us lenovo tab2 a10 10 1 2 in 1 tablet 1 5ghz 2 gb sdram 16 gb ssd android 4 4 kitkat za000001us lenovo tab2 a10 10 1 2 in 1 tablet 1 5ghz 2 gb sdram 16 gb ssd android 4 4 kitkat za000001us ""pc"" pc i am not sure i don t know if it is the tablet or lollipop sometimes i can t get a good connection otherwise i do like it it does almost everything i want els well made i have one of there computers a",0.75
pc_404,acer,"""pc""",0.0,0.0,,,after exactly 45 days the screen went dark power led is lit blue my computer is able to detect the monitor but nothing on screen not even osd tried different computers different dvi vga cables no dice had to reach out to the support which advised me to send it in for repair to their temple texas repair center have to pay one way shipping and they may take 7 10 business days to do the repair that s after they receive it there is no other recourse but to be without a monitor for good 15 20 days taking into account shipping time both ways should ve just spent some extra money and bought a decent monitor to begin with,pc,"acer acer acer ""pc"" pc after exactly 45 days the screen went dark power led is lit blue my computer is able to detect the monitor but nothing on screen not even osd tried different computers different dvi vga cables no dice",0.25
pc_405,azurewave broadcom bcm94352hmb 802 11 ac 867mbps wlan bt4 0 half mini pci e,"""pc""",1.0,0.0,,,replaced my intel centrino 2230 with the bcm94352hmb and it wasn t plug and play a quick hardwired connection and searching for drivers brings up few options as broadcom doesn t directly support drivers for these wifi cards you need to download from a major brand like asus to acquire the driver i would google bcm94352hmb driver and go to the wikidevi site and download the wi fi driver v6 32 223 1 for windows 7 32bit 64bit its an asus driver and it works alot better than the dell driver which i got connections drops with with the asus driver no drops and a perfectly stable connection its a hell of an upgrade over the 2230 which is a piece of junk with problematic drivers intel makes good cpu s but terrible wifi cards in the past few years,pc,"azurewave broadcom bcm94352hmb 802 11 ac 867mbps wlan bt4 0 half mini pci e azurewave broadcom bcm94352hmb 802 11 ac 867mbps wlan bt4 0 half mini pci e azurewave broadcom bcm94352hmb 802 11 ac 867mbps wlan bt4 0 half mini pci e ""pc"" pc replaced my intel centrino 2230 with the bcm94352hmb and it wasn t plug and play a quick hardwired connection and searching for drivers brings up few options as broadcom doesn t directly support drive",0.75
pc_406,hde rotating ipad case magnetic folding leather cover folio flip stand for apple ipad 2 ipad 3 ipad 4 purple embossed,"""pc""",0.0,0.0,,,it has already cracked at one of the corners,pc,"hde rotating ipad case magnetic folding leather cover folio flip stand for apple ipad 2 ipad 3 ipad 4 purple embossed hde rotating ipad case magnetic folding leather cover folio flip stand for apple ipad 2 ipad 3 ipad 4 purple embossed hde rotating ipad case magnetic folding leather cover folio flip stand for apple ipad 2 ipad 3 ipad 4 purple embossed ""pc"" pc it has already cracked at one of the corners",0.25
pc_407,linksys ac1750 wi fi wireless dual band router with gigabit smart wi fi app enabled to control your network from anywhere ea6500,"""pc""",0.0,0.0,,,very disappointed the range of the router is very poor no more than 6mts bought this to substitute the carrier default modem but the one of the carrier has more range,pc,"linksys ac1750 wi fi wireless dual band router with gigabit smart wi fi app enabled to control your network from anywhere ea6500 linksys ac1750 wi fi wireless dual band router with gigabit smart wi fi app enabled to control your network from anywhere ea6500 linksys ac1750 wi fi wireless dual band router with gigabit smart wi fi app enabled to control your network from anywhere ea6500 ""pc"" pc very disappointed the range of the router is very poor no more than 6mts bought this to substitute the carrier default modem but the one of the carrier has more range",0.25
pc_408,ipad pro 9 7 ipad mini ipad 234 ipad air air 2 tripod mount holder extendable camera tripod adapter with 360 med locking ball head hand held monopod works with case or without case,"""pc""",1.0,0.0,,,works well i use this for my skype meetings,pc,"ipad pro 9 7 ipad mini ipad 234 ipad air air 2 tripod mount holder extendable camera tripod adapter with 360 med locking ball head hand held monopod works with case or without case ipad pro 9 7 ipad mini ipad 234 ipad air air 2 tripod mount holder extendable camera tripod adapter with 360 med locking ball head hand held monopod works with case or without case ipad pro 9 7 ipad mini ipad 234 ipad air air 2 tripod mount holder extendable camera tripod adapter with 360 med locking ball head hand held monopod works with case or without case ""pc"" pc works well i use this for my skype meetings",0.75
pc_409,sandisk 16gb cz43 ultra fit series usb 3 0 flash drive sdcz43 016g g46,"""pc""",1.0,0.0,,,the encryption software that comes preloaded is really easy to use i wasn t expecting it to be on there so that was a bonus,pc,"sandisk 16gb cz43 ultra fit series usb 3 0 flash drive sdcz43 016g g46 sandisk 16gb cz43 ultra fit series usb 3 0 flash drive sdcz43 016g g46 sandisk 16gb cz43 ultra fit series usb 3 0 flash drive sdcz43 016g g46 ""pc"" pc the encryption software that comes preloaded is really easy to use i wasn t expecting it to be on there so that was a bonus",0.75
pc_410,trendnet wireless ac1750 dual band gigabit router with usb share port tew 812dru version 2 1,"""pc""",0.0,0.0,,,i have owned this router for less than 2 years purchased in november 2013 the range and speed was acceptable although for the price i would have liked better this would probably have been a 3 or 4 star review except as of mid july 2015 it has stopped working properly one day out of the blue it no longer provided an internet connection the wireless network still exists but all devices attached show no internet connection the same happens for any devices connected via ethernet through the router i have tried all the following in troubleshooting 1 connected straight to the modem and had an internet connection 2 reset to factory settings and connected to default network but no internet 3 connected replacement router via same ethernet cable to the modem and it provided internet without issue 4 checked router power adapter and ethernet cable for any signs of damage we have a cat but none exist so as a result i am rather upset that this product did not even last 2 years i paid 135 for this thing new it i had wanted a disposable product i would have spent 30 bucks on a cheap wireless n router and called it a day if anyone knows of a fix or something for this issue i will try it and gladly take this up to 3 or so stars but for the time being i really believe it deserves one star,pc,"trendnet wireless ac1750 dual band gigabit router with usb share port tew 812dru version 2 1 trendnet wireless ac1750 dual band gigabit router with usb share port tew 812dru version 2 1 trendnet wireless ac1750 dual band gigabit router with usb share port tew 812dru version 2 1 ""pc"" pc i have owned this router for less than 2 years purchased in november 2013 the range and speed was acceptable although for the price i would have liked better this would probably have been a 3 or 4 sta",0.25
pc_411,redragon m901 perdition 16400 dpi high precision programmable laser gaming mouse for pc mmo 18 programmable buttons weight tuning cartridge 12 side buttons 5 programmable user profiles omron micro switches white,"""pc""",1.0,0.0,,,my first gaming mouse and this thing is cool you can customize the dpi colors buttons mouse is comfortable with some tweaks on the dpi settings this mouse is absolutely perfect 10 10 would buy again 11 10 with rice,pc,"redragon m901 perdition 16400 dpi high precision programmable laser gaming mouse for pc mmo 18 programmable buttons weight tuning cartridge 12 side buttons 5 programmable user profiles omron micro switches white redragon m901 perdition 16400 dpi high precision programmable laser gaming mouse for pc mmo 18 programmable buttons weight tuning cartridge 12 side buttons 5 programmable user profiles omron micro switches white redragon m901 perdition 16400 dpi high precision programmable laser gaming mouse for pc mmo 18 programmable buttons weight tuning cartridge 12 side buttons 5 programmable user profiles omron micro switches white ""pc"" pc my first gaming mouse and this thing is cool you can customize the dpi colors buttons mouse is comfortable with some tweaks on the dpi settings this mouse is absolutely perfect 10 10 would buy again 1",0.75
pc_412,mudder mhl adapter kit 6 5 feet 2m micro usb to hdmi cable 1080p hdtv push from smartphone to tv multi control wiplug cable converter for samsung galaxy s5 s4 s3 note 4 sm n910a galaxy tab 3 8 0 t310 htc lg sony,"""pc""",0.0,0.0,,,i cannot get it to work,pc,"mudder mhl adapter kit 6 5 feet 2m micro usb to hdmi cable 1080p hdtv push from smartphone to tv multi control wiplug cable converter for samsung galaxy s5 s4 s3 note 4 sm n910a galaxy tab 3 8 0 t310 htc lg sony mudder mhl adapter kit 6 5 feet 2m micro usb to hdmi cable 1080p hdtv push from smartphone to tv multi control wiplug cable converter for samsung galaxy s5 s4 s3 note 4 sm n910a galaxy tab 3 8 0 t310 htc lg sony mudder mhl adapter kit 6 5 feet 2m micro usb to hdmi cable 1080p hdtv push from smartphone to tv multi control wiplug cable converter for samsung galaxy s5 s4 s3 note 4 sm n910a galaxy tab 3 8 0 t310 htc lg sony ""pc"" pc i cannot get it to work",0.25
pc_413,fintie ipad air 2 case 2014 release 360 degree rotating stand protective case smart cover with auto sleep wake feature,"""pc""",1.0,0.0,,,love that finite makes different designs and that the grooves are pretty deep to hold the ipad air up that s why i bought the case but the auto awake and shut off does not work with my case and not sure why so i have to set auto lock in the ipad settings just so it shuts off with inactivity,pc,"fintie ipad air 2 case 2014 release 360 degree rotating stand protective case smart cover with auto sleep wake feature fintie ipad air 2 case 2014 release 360 degree rotating stand protective case smart cover with auto sleep wake feature fintie ipad air 2 case 2014 release 360 degree rotating stand protective case smart cover with auto sleep wake feature ""pc"" pc love that finite makes different designs and that the grooves are pretty deep to hold the ipad air up that s why i bought the case but the auto awake and shut off does not work with my case and not su",0.75
pc_414,fintie ipad 2 3 4 case slim fit folio case with smart cover auto sleep wake feature for apple ipad 2 ipad 3 ipad 4th generation with retina display floral fan purple,"""pc""",1.0,0.0,,,nice color i love it,pc,"fintie ipad 2 3 4 case slim fit folio case with smart cover auto sleep wake feature for apple ipad 2 ipad 3 ipad 4th generation with retina display floral fan purple fintie ipad 2 3 4 case slim fit folio case with smart cover auto sleep wake feature for apple ipad 2 ipad 3 ipad 4th generation with retina display floral fan purple fintie ipad 2 3 4 case slim fit folio case with smart cover auto sleep wake feature for apple ipad 2 ipad 3 ipad 4th generation with retina display floral fan purple ""pc"" pc nice color i love it",0.75
pc_415,egoway new laptop battery for apple a1309 a1297 unibody macbook pro 17 2009 version early 2009 mid 2009 mid 2010 fits mc226 a mc226ch a mc226j a mc226ll a mc226ta a mc226zp a two free screwdrivers li polymer 7 2v 13000mah 9 cell,"""pc""",0.0,0.0,,,totally wasted 60 on this battery didn t work on my 17 34 mbp mid 2009 went to apple and had them replace it with their battery for an arm and a leg but at least it worked,pc,"egoway new laptop battery for apple a1309 a1297 unibody macbook pro 17 2009 version early 2009 mid 2009 mid 2010 fits mc226 a mc226ch a mc226j a mc226ll a mc226ta a mc226zp a two free screwdrivers li polymer 7 2v 13000mah 9 cell egoway new laptop battery for apple a1309 a1297 unibody macbook pro 17 2009 version early 2009 mid 2009 mid 2010 fits mc226 a mc226ch a mc226j a mc226ll a mc226ta a mc226zp a two free screwdrivers li polymer 7 2v 13000mah 9 cell egoway new laptop battery for apple a1309 a1297 unibody macbook pro 17 2009 version early 2009 mid 2009 mid 2010 fits mc226 a mc226ch a mc226j a mc226ll a mc226ta a mc226zp a two free screwdrivers li polymer 7 2v 13000mah 9 cell ""pc"" pc totally wasted 60 on this battery didn t work on my 17 34 mbp mid 2009 went to apple and had them replace it with their battery for an arm and a leg but at least it worked",0.25
pc_416,ionic screen protector for amazon fire hd 6 and hd 6 kids edition 2014 film clear invisible 3 pack lifetime replacement warranty,"""pc""",1.0,0.0,,,product good,pc,"ionic screen protector for amazon fire hd 6 and hd 6 kids edition 2014 film clear invisible 3 pack lifetime replacement warranty ionic screen protector for amazon fire hd 6 and hd 6 kids edition 2014 film clear invisible 3 pack lifetime replacement warranty ionic screen protector for amazon fire hd 6 and hd 6 kids edition 2014 film clear invisible 3 pack lifetime replacement warranty ""pc"" pc product good",0.75
pc_417,arctic s111 usb powered portable stereo speakers for tablet ereader mp3 computers,"""pc""",0.0,0.0,,,tinny weak sound,pc,"arctic s111 usb powered portable stereo speakers for tablet ereader mp3 computers arctic s111 usb powered portable stereo speakers for tablet ereader mp3 computers arctic s111 usb powered portable stereo speakers for tablet ereader mp3 computers ""pc"" pc tinny weak sound",0.25
pc_418,fire hd 6,"""pc""",1.0,0.0,,,this does everything a very handy item to have and use,pc,"fire hd 6 fire hd 6 fire hd 6 ""pc"" pc this does everything a very handy item to have and use",0.75
pc_419,totmc usb 2 0 video capture adapter for windows xp 2000 vista window 7 window 8,"""pc""",0.0,0.0,,,terrible product this device has absolutely no support i was not able to even find any digitally signed drivers to work with this device the only thing that i could get to work was the capture software which seemed to work fine with my webcam you get what you pay for invest in a better capture device if you want any results,pc,"totmc usb 2 0 video capture adapter for windows xp 2000 vista window 7 window 8 totmc usb 2 0 video capture adapter for windows xp 2000 vista window 7 window 8 totmc usb 2 0 video capture adapter for windows xp 2000 vista window 7 window 8 ""pc"" pc terrible product this device has absolutely no support i was not able to even find any digitally signed drivers to work with this device the only thing that i could get to work was the capture softwar",0.25
pc_420,case logic bpca 115 berkley plus 15 6 inch laptop tablet backpack,"""pc""",1.0,0.0,,,this is pretty much what i wanted a backpack that was slimmer than the ful backpack i previously used i miss the multiple zippered compartments though i wish there were more quick access front pockets although the lumbar pocket is pretty handy so far,pc,"case logic bpca 115 berkley plus 15 6 inch laptop tablet backpack case logic bpca 115 berkley plus 15 6 inch laptop tablet backpack case logic bpca 115 berkley plus 15 6 inch laptop tablet backpack ""pc"" pc this is pretty much what i wanted a backpack that was slimmer than the ful backpack i previously used i miss the multiple zippered compartments though i wish there were more quick access front pockets",0.75
pc_421,ocz technology vertex 460 series 2 5 inch sata iii internal solid state drive,"""pc""",0.0,0.0,,,i own a photographic studio bought this ssd to speed up my production time but it is really disappointing that after 10 months this thing is dead i went and turned on the computer and windows started crashing and couldn t access my files i restarted the pc went it came back there was no boot disk took the disk out and plugged in to a enclosure and test it on another computer but it wasn t recognized thankfully i keep back ups of my wip orders because this caused me a delay in my work delivery schedule for those who are considering this ssd please consider look somewhere else for the money paid for this thing it should lasted a year minimum,pc,"ocz technology vertex 460 series 2 5 inch sata iii internal solid state drive ocz technology vertex 460 series 2 5 inch sata iii internal solid state drive ocz technology vertex 460 series 2 5 inch sata iii internal solid state drive ""pc"" pc i own a photographic studio bought this ssd to speed up my production time but it is really disappointing that after 10 months this thing is dead i went and turned on the computer and windows started ",0.25
pc_422,avantek laptop cooling pad with 6 speed adjustable fans ultra slim notebook cooler quiet chill mat for 9 16 laptops 2 usb ports for both data and charging,"""pc""",1.0,0.0,,,the first couple of days this product was kind of noisy after that break end period quiet as a mouse love it,pc,"avantek laptop cooling pad with 6 speed adjustable fans ultra slim notebook cooler quiet chill mat for 9 16 laptops 2 usb ports for both data and charging avantek laptop cooling pad with 6 speed adjustable fans ultra slim notebook cooler quiet chill mat for 9 16 laptops 2 usb ports for both data and charging avantek laptop cooling pad with 6 speed adjustable fans ultra slim notebook cooler quiet chill mat for 9 16 laptops 2 usb ports for both data and charging ""pc"" pc the first couple of days this product was kind of noisy after that break end period quiet as a mouse love it",0.75
pc_423,sandisk sd flash memory card,"""pc""",1.0,0.0,,,thank you,pc,"sandisk sd flash memory card sandisk sd flash memory card sandisk sd flash memory card ""pc"" pc thank you",0.75
pc_424,professional ultra sandisk 16gb microsdhc card for samsung galaxy s4 active smartphone is custom formatted for high speed lossless recording includes standard sd adapter uhs 1 class 10 certified 30mb sec,"""pc""",1.0,0.0,,,works great to store my pics and videos,pc,"professional ultra sandisk 16gb microsdhc card for samsung galaxy s4 active smartphone is custom formatted for high speed lossless recording includes standard sd adapter uhs 1 class 10 certified 30mb sec professional ultra sandisk 16gb microsdhc card for samsung galaxy s4 active smartphone is custom formatted for high speed lossless recording includes standard sd adapter uhs 1 class 10 certified 30mb sec professional ultra sandisk 16gb microsdhc card for samsung galaxy s4 active smartphone is custom formatted for high speed lossless recording includes standard sd adapter uhs 1 class 10 certified 30mb sec ""pc"" pc works great to store my pics and videos",0.75
pc_425,sabrent 4 port portable usb 3 0 hub 9 5 cable for ultra book macbook air windows 8 tablet pc hb sgar,"""pc""",1.0,0.0,,,works well small doesn t take up space,pc,"sabrent 4 port portable usb 3 0 hub 9 5 cable for ultra book macbook air windows 8 tablet pc hb sgar sabrent 4 port portable usb 3 0 hub 9 5 cable for ultra book macbook air windows 8 tablet pc hb sgar sabrent 4 port portable usb 3 0 hub 9 5 cable for ultra book macbook air windows 8 tablet pc hb sgar ""pc"" pc works well small doesn t take up space",0.75
pc_426,cmple rj45 cat5 cat5e ethernet lan network cable,"""pc""",1.0,0.0,,,works great full speed at 150mb s on comcast,pc,"cmple rj45 cat5 cat5e ethernet lan network cable cmple rj45 cat5 cat5e ethernet lan network cable cmple rj45 cat5 cat5e ethernet lan network cable ""pc"" pc works great full speed at 150mb s on comcast",0.75
pc_427,kingston hyperx fury,"""pc""",0.0,0.0,,,i didnt work in my computer either a compatability issue or faulty ram i couldnt say,pc,"kingston hyperx fury kingston hyperx fury kingston hyperx fury ""pc"" pc i didnt work in my computer either a compatability issue or faulty ram i couldnt say",0.25
pc_428,sandisk ultra compactflash memory card,"""pc""",1.0,0.0,,,card is very fast and works great i am shooting with a canon 7d at full resolution with 18 megapixels,pc,"sandisk ultra compactflash memory card sandisk ultra compactflash memory card sandisk ultra compactflash memory card ""pc"" pc card is very fast and works great i am shooting with a canon 7d at full resolution with 18 megapixels",0.75
pc_429,25 pack cf memory card plastic storage jewel case memory card not included 2 1 16 x 1 11 16 x 5 16,"""pc""",1.0,0.0,,,great protector case just sqeeze the sides and they pop open,pc,"25 pack cf memory card plastic storage jewel case memory card not included 2 1 16 x 1 11 16 x 5 16 25 pack cf memory card plastic storage jewel case memory card not included 2 1 16 x 1 11 16 x 5 16 25 pack cf memory card plastic storage jewel case memory card not included 2 1 16 x 1 11 16 x 5 16 ""pc"" pc great protector case just sqeeze the sides and they pop open",0.75
pc_430,acer aspire v v3 572p 326t 15 inch laptop intel i3 6gb ram 1tb hdd windows 8 1 platinum silver,"""pc""",1.0,0.0,,,great laptop got it for the wife for her birthday no issues thus far however we paid only 323 00 for this at the microsoft store in june that s 200 less than the price here 520 is way out of line for this laptop,pc,"acer aspire v v3 572p 326t 15 inch laptop intel i3 6gb ram 1tb hdd windows 8 1 platinum silver acer aspire v v3 572p 326t 15 inch laptop intel i3 6gb ram 1tb hdd windows 8 1 platinum silver acer aspire v v3 572p 326t 15 inch laptop intel i3 6gb ram 1tb hdd windows 8 1 platinum silver ""pc"" pc great laptop got it for the wife for her birthday no issues thus far however we paid only 323 00 for this at the microsoft store in june that s 200 less than the price here 520 is way out of line for ",0.75
pc_431,crucial technology ct25664aa800 240 pin dimm ddr2 pc2 6400 memory module,"""pc""",1.0,0.0,,,excellent,pc,"crucial technology ct25664aa800 240 pin dimm ddr2 pc2 6400 memory module crucial technology ct25664aa800 240 pin dimm ddr2 pc2 6400 memory module crucial technology ct25664aa800 240 pin dimm ddr2 pc2 6400 memory module ""pc"" pc excellent",0.75
pc_432,lenovo z70 80fg00dbus 17 3 laptop,"""pc""",1.0,0.0,,,i love this computer the big screen the speed is great and the placement of the keys are good the only issue is the finish on top of the computer is not so good because it leaves fingerprint marks,pc,"lenovo z70 80fg00dbus 17 3 laptop lenovo z70 80fg00dbus 17 3 laptop lenovo z70 80fg00dbus 17 3 laptop ""pc"" pc i love this computer the big screen the speed is great and the placement of the keys are good the only issue is the finish on top of the computer is not so good because it leaves fingerprint marks",0.75
pc_433,motong samsung galaxy note 10 1 glass screen protector tempered glass screen protector 0 3mm thickness tempered glass screen protector for samsung galaxy note 10 1 inch 2014 only,"""pc""",1.0,0.0,,,i had to make a few modifications as the hole for the button and the corners are not quite correct it took a number of fittings before it was acceptable using a jewery grinder is not for the faint of heart as this is tempered glass and must be carefully worked so it does not shatter shipped in a very stable container and was quickly delivered but the product could use a bit of refinement to properly fit,pc,"motong samsung galaxy note 10 1 glass screen protector tempered glass screen protector 0 3mm thickness tempered glass screen protector for samsung galaxy note 10 1 inch 2014 only motong samsung galaxy note 10 1 glass screen protector tempered glass screen protector 0 3mm thickness tempered glass screen protector for samsung galaxy note 10 1 inch 2014 only motong samsung galaxy note 10 1 glass screen protector tempered glass screen protector 0 3mm thickness tempered glass screen protector for samsung galaxy note 10 1 inch 2014 only ""pc"" pc i had to make a few modifications as the hole for the button and the corners are not quite correct it took a number of fittings before it was acceptable using a jewery grinder is not for the faint of ",0.75
pc_434,charm magic genuine leather briefcase shoulder business laptop messenger bags tote,"""pc""",1.0,0.0,,,i was pleased by the quality of the bag it is fashion forward and clean lines make it a great bag for men and women,pc,"charm magic genuine leather briefcase shoulder business laptop messenger bags tote charm magic genuine leather briefcase shoulder business laptop messenger bags tote charm magic genuine leather briefcase shoulder business laptop messenger bags tote ""pc"" pc i was pleased by the quality of the bag it is fashion forward and clean lines make it a great bag for men and women",0.75
pc_435,usb 3 0 to sata hard drive enclosure,"""pc""",1.0,0.0,,,nice little enclosure tool less is a good thing,pc,"usb 3 0 to sata hard drive enclosure usb 3 0 to sata hard drive enclosure usb 3 0 to sata hard drive enclosure ""pc"" pc nice little enclosure tool less is a good thing",0.75
pc_436,tp link wireless usb adapter,"""pc""",1.0,0.0,,,it works for its price can t complain,pc,"tp link wireless usb adapter tp link wireless usb adapter tp link wireless usb adapter ""pc"" pc it works for its price can t complain",0.75
pc_437,panda wireless pau06 300mbps n usb adapter,"""pc""",1.0,0.0,,,plug and play just as the other reviews said,pc,"panda wireless pau06 300mbps n usb adapter panda wireless pau06 300mbps n usb adapter panda wireless pau06 300mbps n usb adapter ""pc"" pc plug and play just as the other reviews said",0.75
pc_438,belkin micro usb adapter,"""pc""",1.0,0.0,,,seamless installation on a windows 7 system good reception despite there being several walls between it and the wifi access point,pc,"belkin micro usb adapter belkin micro usb adapter belkin micro usb adapter ""pc"" pc seamless installation on a windows 7 system good reception despite there being several walls between it and the wifi access point",0.75
pc_439,joto asus vivotab note 8 tablet windows 8 1 screen protector film anti glare anti fingerprint matte finish with lifetime replacement warranty m80ta 3 pack,"""pc""",0.0,0.0,,,bad fit for asus vivo tab it is way bigger than the actual tablet i ordered the right one as well because it says the right model type on the outside of packaging wouldn t recommend,pc,"joto asus vivotab note 8 tablet windows 8 1 screen protector film anti glare anti fingerprint matte finish with lifetime replacement warranty m80ta 3 pack joto asus vivotab note 8 tablet windows 8 1 screen protector film anti glare anti fingerprint matte finish with lifetime replacement warranty m80ta 3 pack joto asus vivotab note 8 tablet windows 8 1 screen protector film anti glare anti fingerprint matte finish with lifetime replacement warranty m80ta 3 pack ""pc"" pc bad fit for asus vivo tab it is way bigger than the actual tablet i ordered the right one as well because it says the right model type on the outside of packaging wouldn t recommend",0.25
pc_440,replacement dell 90w ac power adapter for dell latitude e5400 latitude e5410 latitude e5500 latitude e5510 latitude e6400 latitude e6400 atg 100 compatible with pa 10 family black 1,"""pc""",1.0,0.0,,,very reliable better quality than what comes with the actual computer,pc,"replacement dell 90w ac power adapter for dell latitude e5400 latitude e5410 latitude e5500 latitude e5510 latitude e6400 latitude e6400 atg 100 compatible with pa 10 family black 1 replacement dell 90w ac power adapter for dell latitude e5400 latitude e5410 latitude e5500 latitude e5510 latitude e6400 latitude e6400 atg 100 compatible with pa 10 family black 1 replacement dell 90w ac power adapter for dell latitude e5400 latitude e5410 latitude e5500 latitude e5510 latitude e6400 latitude e6400 atg 100 compatible with pa 10 family black 1 ""pc"" pc very reliable better quality than what comes with the actual computer",0.75
pc_441,eastvita mk 200 keyboard and case for 7 inch tablets mk 200,"""pc""",1.0,0.0,,,case is well made and keyboard comes in handy,pc,"eastvita mk 200 keyboard and case for 7 inch tablets mk 200 eastvita mk 200 keyboard and case for 7 inch tablets mk 200 eastvita mk 200 keyboard and case for 7 inch tablets mk 200 ""pc"" pc case is well made and keyboard comes in handy",0.75
pc_442,prontotec axius new version 7 updated android 4 4 tablet pc cortex a8 dual core processor 1 2ghz 512mb 4gb dual camera g sensor google play pre loaded black,"""pc""",1.0,0.0,,,this was bought for my 5yr old his class uses an online program for schoolwork it is very thin and lightweight we keep it a leather folio cover it is very easy for him to use except he doesn t always remember to hold the power button down to turn it on we bought one in black and one in blue they re both a great affordable option,pc,"prontotec axius new version 7 updated android 4 4 tablet pc cortex a8 dual core processor 1 2ghz 512mb 4gb dual camera g sensor google play pre loaded black prontotec axius new version 7 updated android 4 4 tablet pc cortex a8 dual core processor 1 2ghz 512mb 4gb dual camera g sensor google play pre loaded black prontotec axius new version 7 updated android 4 4 tablet pc cortex a8 dual core processor 1 2ghz 512mb 4gb dual camera g sensor google play pre loaded black ""pc"" pc this was bought for my 5yr old his class uses an online program for schoolwork it is very thin and lightweight we keep it a leather folio cover it is very easy for him to use except he doesn t always ",0.75
pc_443,fintie samsung galaxy tab 4 10 1 smartshell,"""pc""",1.0,0.0,,,love,pc,"fintie samsung galaxy tab 4 10 1 smartshell fintie samsung galaxy tab 4 10 1 smartshell fintie samsung galaxy tab 4 10 1 smartshell ""pc"" pc love",0.75
pc_444,moko slim fit cover case for ipad air parent,"""pc""",1.0,0.0,,,fits on my dad s ipad well he loves it it feels like it was made pretty sturdy and the hand strap comes in handy,pc,"moko slim fit cover case for ipad air parent moko slim fit cover case for ipad air parent moko slim fit cover case for ipad air parent ""pc"" pc fits on my dad s ipad well he loves it it feels like it was made pretty sturdy and the hand strap comes in handy",0.75
pc_445,hydra performance controller for nintendo gamecube wired gamepad black,"""pc""",0.0,0.0,,,performs as expected for a generic controll and for the cheap price when used in games such as super smash bros you ll encounter big difference with the originals if playing at a relative competitive manner but gets the job done for casual play,pc,"hydra performance controller for nintendo gamecube wired gamepad black hydra performance controller for nintendo gamecube wired gamepad black hydra performance controller for nintendo gamecube wired gamepad black ""pc"" pc performs as expected for a generic controll and for the cheap price when used in games such as super smash bros you ll encounter big difference with the originals if playing at a relative competitive ",0.25
pc_446,logitech wireless mouse,"""pc""",1.0,0.0,,,good mouse,pc,"logitech wireless mouse logitech wireless mouse logitech wireless mouse ""pc"" pc good mouse",0.75
pc_447,pwr 65w laptop ac adapter with 14 feet charger power cord for lenovo b40 b50,"""pc""",1.0,0.0,,,perfect compatibility,pc,"pwr 65w laptop ac adapter with 14 feet charger power cord for lenovo b40 b50 pwr 65w laptop ac adapter with 14 feet charger power cord for lenovo b40 b50 pwr 65w laptop ac adapter with 14 feet charger power cord for lenovo b40 b50 ""pc"" pc perfect compatibility",0.75
pc_448,ixcc multi pack lightning cable,"""pc""",0.0,0.0,,,works 30 of the time ipad stops charging with a 34 device not supported 34 error,pc,"ixcc multi pack lightning cable ixcc multi pack lightning cable ixcc multi pack lightning cable ""pc"" pc works 30 of the time ipad stops charging with a 34 device not supported 34 error",0.25
pc_449,8gb kit 4gbx2 upgrade for a apple macbook pro 13 inch late 2011 system ddr3 pc3 10600 non ecc,"""pc""",1.0,0.0,,,it took a week to get it delivered but it kit was new and worked great,pc,"8gb kit 4gbx2 upgrade for a apple macbook pro 13 inch late 2011 system ddr3 pc3 10600 non ecc 8gb kit 4gbx2 upgrade for a apple macbook pro 13 inch late 2011 system ddr3 pc3 10600 non ecc 8gb kit 4gbx2 upgrade for a apple macbook pro 13 inch late 2011 system ddr3 pc3 10600 non ecc ""pc"" pc it took a week to get it delivered but it kit was new and worked great",0.75
pc_450,sandisk extreme usb 3 0 flash drive with speed up to 245mb s sdcz80 016g gam46,"""pc""",1.0,0.0,,,i will chime in to say that i have seen the same write transfer speeds that other reviewers have posted the drive might be a tad larger than some other flash drives but the speed is several times faster than my other value priced models when transferring video files or a large collection of vacation photos this drive turns a 15 minute task into a 30 second breeze,pc,"sandisk extreme usb 3 0 flash drive with speed up to 245mb s sdcz80 016g gam46 sandisk extreme usb 3 0 flash drive with speed up to 245mb s sdcz80 016g gam46 sandisk extreme usb 3 0 flash drive with speed up to 245mb s sdcz80 016g gam46 ""pc"" pc i will chime in to say that i have seen the same write transfer speeds that other reviewers have posted the drive might be a tad larger than some other flash drives but the speed is several times fast",0.75
pc_451,3 5 usb external floppy disk drive portable 1 44 mb fdd for pc windows 2000 xp vista 7 8 10 for mac no extra driver required plug and play black,"""pc""",1.0,0.0,,,love it,pc,"3 5 usb external floppy disk drive portable 1 44 mb fdd for pc windows 2000 xp vista 7 8 10 for mac no extra driver required plug and play black 3 5 usb external floppy disk drive portable 1 44 mb fdd for pc windows 2000 xp vista 7 8 10 for mac no extra driver required plug and play black 3 5 usb external floppy disk drive portable 1 44 mb fdd for pc windows 2000 xp vista 7 8 10 for mac no extra driver required plug and play black ""pc"" pc love it",0.75
pc_452,bmouo kcc036 samsung tab a 9 7 keyboard or case,"""pc""",0.0,0.0,,,bought it for someone it looked okay cant comment on its functionality as i am not the one using it,pc,"bmouo kcc036 samsung tab a 9 7 keyboard or case bmouo kcc036 samsung tab a 9 7 keyboard or case bmouo kcc036 samsung tab a 9 7 keyboard or case ""pc"" pc bought it for someone it looked okay cant comment on its functionality as i am not the one using it",0.25
pc_453,seagate game drive for xbox ssd stft512400,"""pc""",1.0,0.0,,,i still recall the day i upgraded my 20gb xbox 360 hd with a 100gb hd and thinking 34 there now i ll never have to worry about storage again 34 fast forward 4 years lots of rock band dlc and the ability to store full games to the hd and i find myself at about 90 full enter the seagate 2tb drive now i can have that feeling again of 34 there now i ll never have to worry about storage again 34 this seagate game drive seems to be a pretty typical 2tb hard drive priced similar to other 2tb drives but with officially licensed xbox one or xbox 360 compatibility and design when you consider the basic xbox one 500gb console is currently priced around 350 and the newer 1 tb model is about 400 you could get the 500gb model and one of these drives currently 100 and spend about 450 and have a total of 2 5 tb of storage basically an extra 1 5 tb for an extra 50 which isn t a bad deal of course you have to consider your current usage and potential future storage needs the main thing i think it lacks is a little more in the way of instructions for transferring data from the console to the drive while it wasn t that difficult for me to figure out it might be a little more challenging for a parent who is not as up to speed on how these work especially considering it is an officially licensed xbox product it was surprising there was little more than a short pamphlet describing the drive s features included i wish it would have gone into more detail about how it handles in game dlc licensing content vs game content it was not the most user friendly in that regard i finished transferring data and wasn t positive if i was going to be able to play with dlc once it was moved to the drive i was a little more clarity in what it would and would not transfer would have been helpful as well as explanation on what you need to do if you use it on an xbox 360 then upgrade to the xbox one i plan to do this in a few weeks so i mayupdate the review if i hit any other snags in that process,pc,"seagate game drive for xbox ssd stft512400 seagate game drive for xbox ssd stft512400 seagate game drive for xbox ssd stft512400 ""pc"" pc i still recall the day i upgraded my 20gb xbox 360 hd with a 100gb hd and thinking 34 there now i ll never have to worry about storage again 34 fast forward 4 years lots of rock band dlc and the abili",0.75
pc_454,hp envy sleekbook 6 1010us 6 1014nr 6 1017cl 6z 1000 laptop ac adapter charger power cord,"""pc""",1.0,0.0,,,works,pc,"hp envy sleekbook 6 1010us 6 1014nr 6 1017cl 6z 1000 laptop ac adapter charger power cord hp envy sleekbook 6 1010us 6 1014nr 6 1017cl 6z 1000 laptop ac adapter charger power cord hp envy sleekbook 6 1010us 6 1014nr 6 1017cl 6z 1000 laptop ac adapter charger power cord ""pc"" pc works",0.75
pc_455,botetrade children school backpack bags for primary girls students pu leather bow,"""pc""",1.0,0.0,,,very happy and totally satisfied with this purchase a good quality and a perfect size,pc,"botetrade children school backpack bags for primary girls students pu leather bow botetrade children school backpack bags for primary girls students pu leather bow botetrade children school backpack bags for primary girls students pu leather bow ""pc"" pc very happy and totally satisfied with this purchase a good quality and a perfect size",0.75
pc_456,startech com usb y cable for external hard drive,"""pc""",1.0,0.0,,,works,pc,"startech com usb y cable for external hard drive startech com usb y cable for external hard drive startech com usb y cable for external hard drive ""pc"" pc works",0.75
pc_457,original microsoft xbox 360 power supply ac adapter 203w,"""pc""",0.0,0.0,,,not the xbox 360 power supply,pc,"original microsoft xbox 360 power supply ac adapter 203w original microsoft xbox 360 power supply ac adapter 203w original microsoft xbox 360 power supply ac adapter 203w ""pc"" pc not the xbox 360 power supply",0.25
pc_458,logitech classic k100 keyboard k100 keyboard ps2 classic keyboard keyb wiredps 2 english pc,"""pc""",1.0,0.0,,,i use this keyboard as a keyboard for my test bench where i work on computers to repair them and it works great they keys are a bit mushy and close to the edge but overall for the price this keyboard is great the plastic is high quality and so are the key caps and connector would buy again if i ever needed anything like it,pc,"logitech classic k100 keyboard k100 keyboard ps2 classic keyboard keyb wiredps 2 english pc logitech classic k100 keyboard k100 keyboard ps2 classic keyboard keyb wiredps 2 english pc logitech classic k100 keyboard k100 keyboard ps2 classic keyboard keyb wiredps 2 english pc ""pc"" pc i use this keyboard as a keyboard for my test bench where i work on computers to repair them and it works great they keys are a bit mushy and close to the edge but overall for the price this keyboard ",0.75
pc_459,netgear n150 wi fi usb micro adapter,"""pc""",0.0,0.0,,,buggy with window 8 pc fails to recognize the unit also software from netgear took a long time to install i m back to using my old 2wire panda model,pc,"netgear n150 wi fi usb micro adapter netgear n150 wi fi usb micro adapter netgear n150 wi fi usb micro adapter ""pc"" pc buggy with window 8 pc fails to recognize the unit also software from netgear took a long time to install i m back to using my old 2wire panda model",0.25
pc_460,gprs gsm 3g 4g lte ts9 plug 35dbi antenna 2m cable 791 2690mhz e5776 e392 e398,"""pc""",0.0,0.0,,,no appreciable increase in signal strength,pc,"gprs gsm 3g 4g lte ts9 plug 35dbi antenna 2m cable 791 2690mhz e5776 e392 e398 gprs gsm 3g 4g lte ts9 plug 35dbi antenna 2m cable 791 2690mhz e5776 e392 e398 gprs gsm 3g 4g lte ts9 plug 35dbi antenna 2m cable 791 2690mhz e5776 e392 e398 ""pc"" pc no appreciable increase in signal strength",0.25
pc_461,generic usb to 9 pin serial port adapter,"""pc""",1.0,0.0,,,perfect,pc,"generic usb to 9 pin serial port adapter generic usb to 9 pin serial port adapter generic usb to 9 pin serial port adapter ""pc"" pc perfect",0.75
pc_462,kindle fire hdx 7 screen protector armorsuit militaryshield lifetime replacements anti bubble ultra hd premium screen protector for kindle fire hdx 7 clear,"""pc""",1.0,0.0,,,i was hesitant to try putting a screen protector on my kindle fire after always ending up with bubbles with my phone screen protectors generic brand protector but this worked great i did read the instructions and watch the video and it was so easy any small bubbles really did disappear after letting it set for 24 hrs absolutely recommend,pc,"kindle fire hdx 7 screen protector armorsuit militaryshield lifetime replacements anti bubble ultra hd premium screen protector for kindle fire hdx 7 clear kindle fire hdx 7 screen protector armorsuit militaryshield lifetime replacements anti bubble ultra hd premium screen protector for kindle fire hdx 7 clear kindle fire hdx 7 screen protector armorsuit militaryshield lifetime replacements anti bubble ultra hd premium screen protector for kindle fire hdx 7 clear ""pc"" pc i was hesitant to try putting a screen protector on my kindle fire after always ending up with bubbles with my phone screen protectors generic brand protector but this worked great i did read the inst",0.75
pc_463,2in1 r5 variation,"""pc""",0.0,0.0,,,the item was defective the bottom cover was too big and the shipping it back cost almost as much as the item itself it was not worth returning won t buy from here again,pc,"2in1 r5 variation 2in1 r5 variation 2in1 r5 variation ""pc"" pc the item was defective the bottom cover was too big and the shipping it back cost almost as much as the item itself it was not worth returning won t buy from here again",0.25
pc_464,certified refurbished kindle e reader 6 glare free touchscreen display wi fi includes special offers previous generation 7th,"""pc""",0.0,0.0,,,i am having some problems with this kindle it s freezing up ever so often and i just have to turn it completely off wait a while before turning it back on and then it will work for a while longer may have to send it back,pc,"certified refurbished kindle e reader 6 glare free touchscreen display wi fi includes special offers previous generation 7th certified refurbished kindle e reader 6 glare free touchscreen display wi fi includes special offers previous generation 7th certified refurbished kindle e reader 6 glare free touchscreen display wi fi includes special offers previous generation 7th ""pc"" pc i am having some problems with this kindle it s freezing up ever so often and i just have to turn it completely off wait a while before turning it back on and then it will work for a while longer may ",0.25
pc_465,sabrent usb 3 0 to 2 5 inch sata hard drive enclosure case for 9 5mm 12 5mm 2 5 inch sata i sata ii hdd and ssd black ec tb4p,"""pc""",1.0,0.0,,,good product,pc,"sabrent usb 3 0 to 2 5 inch sata hard drive enclosure case for 9 5mm 12 5mm 2 5 inch sata i sata ii hdd and ssd black ec tb4p sabrent usb 3 0 to 2 5 inch sata hard drive enclosure case for 9 5mm 12 5mm 2 5 inch sata i sata ii hdd and ssd black ec tb4p sabrent usb 3 0 to 2 5 inch sata hard drive enclosure case for 9 5mm 12 5mm 2 5 inch sata i sata ii hdd and ssd black ec tb4p ""pc"" pc good product",0.75
pc_466,wired infrared sensor bar for wii,"""pc""",1.0,0.0,,,delivered as promised thanks,pc,"wired infrared sensor bar for wii wired infrared sensor bar for wii wired infrared sensor bar for wii ""pc"" pc delivered as promised thanks",0.75
pc_467,asus m5a78l m lx plus am3 amd 760g micro atx amd motherboard,"""pc""",1.0,0.0,,,exactly what i needed thanks,pc,"asus m5a78l m lx plus am3 amd 760g micro atx amd motherboard asus m5a78l m lx plus am3 amd 760g micro atx amd motherboard asus m5a78l m lx plus am3 amd 760g micro atx amd motherboard ""pc"" pc exactly what i needed thanks",0.75
pc_468,panda ultra 150mbps wireless n usb adapter windows xp vista 7 8 8 1 10 mac os x 10 4 10 10 mint ubuntu fedora opensuse backtrack5 r3 kali linux and raspberry pi 1 pi 2,"""pc""",1.0,0.0,,,i received the item quickly i installed it using the cd provided and it works great it is so small that i forget that it s there i recommend these for anyone looking for wireless usb adapter,pc,"panda ultra 150mbps wireless n usb adapter windows xp vista 7 8 8 1 10 mac os x 10 4 10 10 mint ubuntu fedora opensuse backtrack5 r3 kali linux and raspberry pi 1 pi 2 panda ultra 150mbps wireless n usb adapter windows xp vista 7 8 8 1 10 mac os x 10 4 10 10 mint ubuntu fedora opensuse backtrack5 r3 kali linux and raspberry pi 1 pi 2 panda ultra 150mbps wireless n usb adapter windows xp vista 7 8 8 1 10 mac os x 10 4 10 10 mint ubuntu fedora opensuse backtrack5 r3 kali linux and raspberry pi 1 pi 2 ""pc"" pc i received the item quickly i installed it using the cd provided and it works great it is so small that i forget that it s there i recommend these for anyone looking for wireless usb adapter",0.75
pc_469,large bitcoin accepted here decal sticker vinyl uv protection,"""pc""",1.0,0.0,,,great sticker i put it on my lunch pail at work so when i m with a patient in back of an ambulance it gives a great conversation piece as i educate people about bitcoin,pc,"large bitcoin accepted here decal sticker vinyl uv protection large bitcoin accepted here decal sticker vinyl uv protection large bitcoin accepted here decal sticker vinyl uv protection ""pc"" pc great sticker i put it on my lunch pail at work so when i m with a patient in back of an ambulance it gives a great conversation piece as i educate people about bitcoin",0.75
pc_470,meffort inc 11 6 inch neoprene laptop bag with extra side pocket soft carrying handle removable shoulder strap for 10 to 11 6 size ultrabook chromebook,"""pc""",1.0,0.0,,,fits my rca maven pro 11 6 34 with keyboard and has room in the front pocket for all my attachments cords headphones etc beautiful print seems to be well constructed,pc,"meffort inc 11 6 inch neoprene laptop bag with extra side pocket soft carrying handle removable shoulder strap for 10 to 11 6 size ultrabook chromebook meffort inc 11 6 inch neoprene laptop bag with extra side pocket soft carrying handle removable shoulder strap for 10 to 11 6 size ultrabook chromebook meffort inc 11 6 inch neoprene laptop bag with extra side pocket soft carrying handle removable shoulder strap for 10 to 11 6 size ultrabook chromebook ""pc"" pc fits my rca maven pro 11 6 34 with keyboard and has room in the front pocket for all my attachments cords headphones etc beautiful print seems to be well constructed",0.75
pc_471,wd 1tb my book av dvr expander external hard drive usb 2 0 wdbabt0010hbk nesn,"""pc""",1.0,0.0,,,excellent quick service and a good product,pc,"wd 1tb my book av dvr expander external hard drive usb 2 0 wdbabt0010hbk nesn wd 1tb my book av dvr expander external hard drive usb 2 0 wdbabt0010hbk nesn wd 1tb my book av dvr expander external hard drive usb 2 0 wdbabt0010hbk nesn ""pc"" pc excellent quick service and a good product",0.75
pc_472,sonnics 1tb 1000gb pink portable external hard drive storage usb 2 0,"""pc""",1.0,0.0,,,awesome,pc,"sonnics 1tb 1000gb pink portable external hard drive storage usb 2 0 sonnics 1tb 1000gb pink portable external hard drive storage usb 2 0 sonnics 1tb 1000gb pink portable external hard drive storage usb 2 0 ""pc"" pc awesome",0.75
pc_473,cooler master r4 series silent case fan,"""pc""",0.0,0.0,,,i bought several of these in oct 2013 and last march one began to fail i quickly ordered a new one and not five months later it has begun to fail last time it wouldn t hold a higher rpm and quite rotating soon after that i m ordering another option quickly anticipating the same time line,pc,"cooler master r4 series silent case fan cooler master r4 series silent case fan cooler master r4 series silent case fan ""pc"" pc i bought several of these in oct 2013 and last march one began to fail i quickly ordered a new one and not five months later it has begun to fail last time it wouldn t hold a higher rpm and quite rota",0.25
pc_474,mosiso macbook air 13 case soft touch plastic hard shell snap on cover for macbook air 13 3 a1466 a1369 yellow 1,"""pc""",0.0,0.0,,,on the corner it says mosiso in ugly letters it makes it seam cheap was excited about this purchase and now i don t think i ll ever use it,pc,"mosiso macbook air 13 case soft touch plastic hard shell snap on cover for macbook air 13 3 a1466 a1369 yellow 1 mosiso macbook air 13 case soft touch plastic hard shell snap on cover for macbook air 13 3 a1466 a1369 yellow 1 mosiso macbook air 13 case soft touch plastic hard shell snap on cover for macbook air 13 3 a1466 a1369 yellow 1 ""pc"" pc on the corner it says mosiso in ugly letters it makes it seam cheap was excited about this purchase and now i don t think i ll ever use it",0.25
pc_475,zitrades cp2102 module stc download cable usb 2 0 to ttl 6pin serial converter for stc,"""pc""",1.0,0.0,,,the 3 3vdc and 5 0vdc outputs work well i could not get it to work with the esp8266 module that i bought on ebay i am not sure which is at fault,pc,"zitrades cp2102 module stc download cable usb 2 0 to ttl 6pin serial converter for stc zitrades cp2102 module stc download cable usb 2 0 to ttl 6pin serial converter for stc zitrades cp2102 module stc download cable usb 2 0 to ttl 6pin serial converter for stc ""pc"" pc the 3 3vdc and 5 0vdc outputs work well i could not get it to work with the esp8266 module that i bought on ebay i am not sure which is at fault",0.75
pc_476,bakth optical gaming keyboard,"""pc""",1.0,0.0,,,great keyboard for the price love the different color options and the fact that the shortcut buttons still work with my imac the mouse is smooth and definitely a positive experience for a gamer,pc,"bakth optical gaming keyboard bakth optical gaming keyboard bakth optical gaming keyboard ""pc"" pc great keyboard for the price love the different color options and the fact that the shortcut buttons still work with my imac the mouse is smooth and definitely a positive experience for a gamer",0.75
pc_477,samsung evo 64gb 48 mb s micro sdxc memory card with adapter up to mb mp64da am,"""pc""",1.0,0.0,,,great price for this amount of digital storage,pc,"samsung evo 64gb 48 mb s micro sdxc memory card with adapter up to mb mp64da am samsung evo 64gb 48 mb s micro sdxc memory card with adapter up to mb mp64da am samsung evo 64gb 48 mb s micro sdxc memory card with adapter up to mb mp64da am ""pc"" pc great price for this amount of digital storage",0.75
pc_478,fintie folio case for kindle fire hdx 8 9 slim fit leather cover will fit amazon kindle fire hdx 8 9 quot tablet 2014 4th generation and 2013 3rd generation violet,"""pc""",1.0,0.0,,,love the purple cover it keeps my kindle safe for taking pictures i have another cover but have to move the kindle up to take photos this cover has opening for taking pictures i use this cover when traveling because it is sturdy and fits in my purse i am glad i purchased this cover and will purchase again the future,pc,"fintie folio case for kindle fire hdx 8 9 slim fit leather cover will fit amazon kindle fire hdx 8 9 quot tablet 2014 4th generation and 2013 3rd generation violet fintie folio case for kindle fire hdx 8 9 slim fit leather cover will fit amazon kindle fire hdx 8 9 quot tablet 2014 4th generation and 2013 3rd generation violet fintie folio case for kindle fire hdx 8 9 slim fit leather cover will fit amazon kindle fire hdx 8 9 quot tablet 2014 4th generation and 2013 3rd generation violet ""pc"" pc love the purple cover it keeps my kindle safe for taking pictures i have another cover but have to move the kindle up to take photos this cover has opening for taking pictures i use this cover when tr",0.75
pc_479,roocase ipad air 2 case kidarmor kid proof eva series ipad air 2 2014 shock proof convertible handle with kickstand kids friendly protective cover case for apple ipad air 2 2014 magenta,"""pc""",1.0,0.0,,,i bought this for my 1 year old since her dad think it would be cool to give a 15 months old a ipad air this case is life my daughter has thrown her ipad quite a few times but this case has it well protected cushioned inside i absolutely love it got the pink which is simple beautiful,pc,"roocase ipad air 2 case kidarmor kid proof eva series ipad air 2 2014 shock proof convertible handle with kickstand kids friendly protective cover case for apple ipad air 2 2014 magenta roocase ipad air 2 case kidarmor kid proof eva series ipad air 2 2014 shock proof convertible handle with kickstand kids friendly protective cover case for apple ipad air 2 2014 magenta roocase ipad air 2 case kidarmor kid proof eva series ipad air 2 2014 shock proof convertible handle with kickstand kids friendly protective cover case for apple ipad air 2 2014 magenta ""pc"" pc i bought this for my 1 year old since her dad think it would be cool to give a 15 months old a ipad air this case is life my daughter has thrown her ipad quite a few times but this case has it well pr",0.75
pc_480,plug,"""pc""",1.0,0.0,,,great product performs well,pc,"plug plug plug ""pc"" pc great product performs well",0.75
pc_481,value solid state drive,"""pc""",1.0,0.0,,,nice pfoduct,pc,"value solid state drive value solid state drive value solid state drive ""pc"" pc nice pfoduct",0.75
pc_482,waterfly 12 inch laptop sleeves computer bag netbook notebook briefcase for macbook hp elitebook dell latitude asus microsoft surface pro,"""pc""",1.0,0.0,,,great,pc,"waterfly 12 inch laptop sleeves computer bag netbook notebook briefcase for macbook hp elitebook dell latitude asus microsoft surface pro waterfly 12 inch laptop sleeves computer bag netbook notebook briefcase for macbook hp elitebook dell latitude asus microsoft surface pro waterfly 12 inch laptop sleeves computer bag netbook notebook briefcase for macbook hp elitebook dell latitude asus microsoft surface pro ""pc"" pc great",0.75
pc_483,kingston digital 128gb microsdxc class 10 flash card with adapter,"""pc""",0.0,0.0,,,doesn t work came all the way from china so i wont bother returning it,pc,"kingston digital 128gb microsdxc class 10 flash card with adapter kingston digital 128gb microsdxc class 10 flash card with adapter kingston digital 128gb microsdxc class 10 flash card with adapter ""pc"" pc doesn t work came all the way from china so i wont bother returning it",0.25
pc_484,hp displayport male to displayport cable male 6 feet 6ft dp to dp,"""pc""",1.0,0.0,,,works great have this connected from my thinkpad x1 carbon onelink docking station to an asus 27 34 lcd running at 2560x1440 no issues image quality is perfect,pc,"hp displayport male to displayport cable male 6 feet 6ft dp to dp hp displayport male to displayport cable male 6 feet 6ft dp to dp hp displayport male to displayport cable male 6 feet 6ft dp to dp ""pc"" pc works great have this connected from my thinkpad x1 carbon onelink docking station to an asus 27 34 lcd running at 2560x1440 no issues image quality is perfect",0.75
pc_485,safewatts 120 watt ac adapter charger for asus g60vx n53sn n53sv vx5 cs5111 et2011et series notebook computer,"""pc""",1.0,0.0,,,good replacement,pc,"safewatts 120 watt ac adapter charger for asus g60vx n53sn n53sv vx5 cs5111 et2011et series notebook computer safewatts 120 watt ac adapter charger for asus g60vx n53sn n53sv vx5 cs5111 et2011et series notebook computer safewatts 120 watt ac adapter charger for asus g60vx n53sn n53sv vx5 cs5111 et2011et series notebook computer ""pc"" pc good replacement",0.75
pc_486,samsung d3 desktop 2tb usb 3 0 external hard drive stshx d201tdb,"""pc""",1.0,0.0,,,i am in no way a 34 techie 34 but i needed storage for photos and work documents this was easy to set up as the steps are very intuitive files are easy to access it has a windows type interface with folders for your files it was exactly what i was hoping to find,pc,"samsung d3 desktop 2tb usb 3 0 external hard drive stshx d201tdb samsung d3 desktop 2tb usb 3 0 external hard drive stshx d201tdb samsung d3 desktop 2tb usb 3 0 external hard drive stshx d201tdb ""pc"" pc i am in no way a 34 techie 34 but i needed storage for photos and work documents this was easy to set up as the steps are very intuitive files are easy to access it has a windows type interface with f",0.75
pc_487,netgear n600 dual band wi fi adsl non cable modem router adsl2 gigabit ethernet dgnd3700,"""pc""",1.0,0.0,,,this netgear dsl modem router works perfectly with my at t dsl i understand though that those who have u verse this d7000 will not work so please be aware after following the quick setup guide and entering in my at t username and password i was connected without any issue i couldn t be more pleased with the easy setup and the overall experience i waited a couple of weeks to make sure i didn t have any issue and 2 weeks later it is still running flawlessly i am so happy with my new dsl modem router lastly i received this dsl modem router as part of netgear friends and family program had i not received it from netgear i still would have bought one to use anyways,pc,"netgear n600 dual band wi fi adsl non cable modem router adsl2 gigabit ethernet dgnd3700 netgear n600 dual band wi fi adsl non cable modem router adsl2 gigabit ethernet dgnd3700 netgear n600 dual band wi fi adsl non cable modem router adsl2 gigabit ethernet dgnd3700 ""pc"" pc this netgear dsl modem router works perfectly with my at t dsl i understand though that those who have u verse this d7000 will not work so please be aware after following the quick setup guide and ent",0.75
pc_488,2 pack black 10 ft hi speed usb 2 0 printer scanner cable type a male to type b male for hp canon lexmark epson dell,"""pc""",1.0,0.0,,,been using for months with no issues,pc,"2 pack black 10 ft hi speed usb 2 0 printer scanner cable type a male to type b male for hp canon lexmark epson dell 2 pack black 10 ft hi speed usb 2 0 printer scanner cable type a male to type b male for hp canon lexmark epson dell 2 pack black 10 ft hi speed usb 2 0 printer scanner cable type a male to type b male for hp canon lexmark epson dell ""pc"" pc been using for months with no issues",0.75
pc_489,easyacc 10000mah power bank brilliant external battery pack for iphone samsung htc lg smartphones tablets black and orange,"""pc""",1.0,0.0,,,works great badges iphone 6 plus at least 2 full times,pc,"easyacc 10000mah power bank brilliant external battery pack for iphone samsung htc lg smartphones tablets black and orange easyacc 10000mah power bank brilliant external battery pack for iphone samsung htc lg smartphones tablets black and orange easyacc 10000mah power bank brilliant external battery pack for iphone samsung htc lg smartphones tablets black and orange ""pc"" pc works great badges iphone 6 plus at least 2 full times",0.75
pc_490,samsung sata 1 5 gb s optical drive black sh 224db bebe,"""pc""",1.0,0.0,,,excellent drives at a reasonable price,pc,"samsung sata 1 5 gb s optical drive black sh 224db bebe samsung sata 1 5 gb s optical drive black sh 224db bebe samsung sata 1 5 gb s optical drive black sh 224db bebe ""pc"" pc excellent drives at a reasonable price",0.75
pc_491,startech 1ft micro usb cable,"""pc""",0.0,0.0,,,i ordered the right angle cable but received the left angle version yes they are both 90 degrees but one bends the opposite way the bag was properly marked 34 right angle 34 but i received the 34 left angle 34 cable i would say this is a startech manufacturer problem but the bag is a zip lock style and was not permanently sealed so it could have been switched afterward maybe a customer put it in the wrong bag and returned it to amazon the photo shows the one i got and the bag it came in notice the bag is marked right angle but it is clearly the left angle version i need the other one not sure what i ll get if i order right angle again maybe someone at amazon or startech can grab another one look at the cable in the bag verify it s the correct one and send it,pc,"startech 1ft micro usb cable startech 1ft micro usb cable startech 1ft micro usb cable ""pc"" pc i ordered the right angle cable but received the left angle version yes they are both 90 degrees but one bends the opposite way the bag was properly marked 34 right angle 34 but i received the 34 left",0.25
pc_492,thrustmaster ferrari 458 italia gaming steering wheel 4460094,"""pc""",1.0,0.0,,,works greater,pc,"thrustmaster ferrari 458 italia gaming steering wheel 4460094 thrustmaster ferrari 458 italia gaming steering wheel 4460094 thrustmaster ferrari 458 italia gaming steering wheel 4460094 ""pc"" pc works greater",0.75
pc_493,genius professional colorful led backlit usb wired gaming backlight keyboards,"""pc""",1.0,0.0,,,i had to return this for a reason i can t recall sorry but i think it wasn t due to any problems with the keyboard itself i m pretty sure it worked fine although i don t like the way they position the enter key apparently i m used to dell keyboards because i ve used them for decades and now i m used to the enter key being horizontally long and the key being above it but it seems like most keyboards that i see these days have them switched so when i use them i keep hitting instead of enter and it s infuriating sooner or later i ll have to adjust since it appears to be the standard for newer keyboards gotta start reaching farther out for that enter key,pc,"genius professional colorful led backlit usb wired gaming backlight keyboards genius professional colorful led backlit usb wired gaming backlight keyboards genius professional colorful led backlit usb wired gaming backlight keyboards ""pc"" pc i had to return this for a reason i can t recall sorry but i think it wasn t due to any problems with the keyboard itself i m pretty sure it worked fine although i don t like the way they position the",0.75
pc_494,demupai 5 9 feet mhl micro usb to hdmi 1080p hdtv adapter cable for samsung s3 s4 s5,"""pc""",1.0,0.0,,,cords don t last very long disappointment,pc,"demupai 5 9 feet mhl micro usb to hdmi 1080p hdtv adapter cable for samsung s3 s4 s5 demupai 5 9 feet mhl micro usb to hdmi 1080p hdtv adapter cable for samsung s3 s4 s5 demupai 5 9 feet mhl micro usb to hdmi 1080p hdtv adapter cable for samsung s3 s4 s5 ""pc"" pc cords don t last very long disappointment",0.75
pc_495,caffeine molecule molecular model 5 black vinyl decal sticker car macbook laptop,"""pc""",1.0,0.0,,,easy to apply very satisfied d,pc,"caffeine molecule molecular model 5 black vinyl decal sticker car macbook laptop caffeine molecule molecular model 5 black vinyl decal sticker car macbook laptop caffeine molecule molecular model 5 black vinyl decal sticker car macbook laptop ""pc"" pc easy to apply very satisfied d",0.75
